FACILITY_NAME,FACILITY_ID,USER_EMAIL,USER_ACTUAL_COMPANY_NAME,USER_ACTUAL_COMPANY_ID,USER_SCAC,USER_DATA
NY - TX Facility12,Rk1fMTA0MTQ0,carrierseraunverified@mailinator.com,Carrier sera,carrier-sera,['SERASCAC'],"{'id': 17380, 'company_id': 'shipper-sera', 'actual_company_id': 'carrier-sera', 'actual_company_name': 'Carrier sera', 'fm_user_id': 'c8j1flfgaqercrkbbjrg', 'email': 'carrierseraunverified@mailinator.com', 'name': 'carriersera unverified', 'roles': [{'id': '1813', 'name': 'Guest'}], 'scac': ['SERASCAC'], 'carrier_type': 'Managed', 'is_guest_user': True, 'is_first_time_visit': False, 'active': True, 'created_at': '2022-03-07T14:33:57.067262Z', 'created_by': 'dc-manager', 'last_updated_at': '2022-03-07T14:41:14.075125Z', 'last_updated_by': 'carriersera-unverified', 'collaborator_type': 'Carrier', 'approved': False, 'customer_id': '', 'customer_id_permalink': '', 'customer_name': ''}"
NY - TX Facility12,Rk1fMTA0MTQ0,carriersera@mailinator.com,Carrier sera,carrier-sera,['SERASCAC'],"{'id': 17175, 'company_id': 'shipper-sera', 'actual_company_id': 'carrier-sera', 'actual_company_name': 'Carrier sera', 'fm_user_id': 'c236qndlc538mj46dua0', 'email': 'carriersera@mailinator.com', 'name': 'carrier-sera', 'roles': [{'id': '1813', 'name': 'Guest'}], 'scac': ['SERASCAC'], 'carrier_type': 'Managed', 'is_guest_user': True, 'is_first_time_visit': False, 'active': True, 'created_at': '2022-03-04T06:31:21.225838Z', 'created_by': 'dc-manager', 'last_updated_at': '2022-03-07T12:49:59.292588Z', 'last_updated_by': 'sreejith', 'collaborator_type': 'Carrier', 'approved': True, 'customer_id': '', 'customer_id_permalink': '', 'customer_name': ''}"
NY - TX Facility12,Rk1fMTA0MTQ0,unverifiedcarrieruser0249@mailinator.com,unverified am carrier,unverified-am-carrier,['UNVERIFIED'],"{'id': 17379, 'company_id': 'shipper-sera', 'actual_company_id': 'unverified-am-carrier', 'actual_company_name': 'unverified am carrier', 'fm_user_id': 'c8j00o7gaqercrkbastg', 'email': 'unverifiedcarrieruser0249@mailinator.com', 'name': 'unverified carrieruser0249', 'roles': [{'id': '1813', 'name': 'Guest'}], 'scac': ['UNVERIFIED'], 'carrier_type': 'Managed', 'is_guest_user': True, 'is_first_time_visit': False, 'active': True, 'created_at': '2022-03-07T12:53:52.553068Z', 'created_by': 'dc-manager', 'last_updated_at': '2022-03-07T13:02:14.315356Z', 'last_updated_by': 'unverified-carrieruser', 'collaborator_type': 'Carrier', 'approved': False, 'customer_id': '', 'customer_id_permalink': '', 'customer_name': ''}"
NY - TX Facility12,Rk1fMTA0MTQ0,vivinduplicatecompanynewuser2@mailinator.com,Vivin Original Company,vivin-original-company,['VDCNU2'],"{'id': 26112, 'company_id': 'shipper-sera', 'actual_company_id': 'vivin-original-company', 'actual_company_name': 'Vivin Original Company', 'fm_user_id': 'cdv247fn1jtd2sjsp72g', 'email': 'vivinduplicatecompanynewuser2@mailinator.com', 'name': 'Vivinduplicatecompany Newuser2', 'roles': [{'id': '1813', 'name': 'Guest'}], 'scac': ['VDCNU2'], 'carrier_type': '', 'is_guest_user': True, 'is_first_time_visit': True, 'active': True, 'created_at': '2022-11-23T14:57:40.613742Z', 'created_by': 'dc-manager', 'last_updated_at': '2024-04-24T09:09:03.341732Z', 'last_updated_by': 'automationqat-superadmin', 'collaborator_type': 'Carrier', 'approved': False, 'customer_id': '', 'customer_id_permalink': '', 'customer_name': ''}"
NY - TX Facility12,Rk1fMTA0MTQ0,dushantkoul1593@gmail.com,test carrier,test-carrier-3259,['6786'],"{'id': 20645, 'company_id': 'shipper-sera', 'actual_company_id': 'test-carrier-3259', 'actual_company_name': 'test carrier', 'fm_user_id': 'c9l57tk6niff2it7b7n0', 'email': 'dushantkoul1593@gmail.com', 'name': 'Dushant Koul', 'roles': [{'id': '1813', 'name': 'Guest'}], 'scac': ['6786'], 'carrier_type': 'Managed', 'is_guest_user': True, 'is_first_time_visit': False, 'active': True, 'created_at': '2022-04-28T08:44:38.661111Z', 'created_by': 'dc-manager', 'last_updated_at': '2022-04-28T08:46:45.271196Z', 'last_updated_by': 'dushant-koul-794', 'collaborator_type': 'Carrier', 'approved': False, 'customer_id': '', 'customer_id_permalink': '', 'customer_name': ''}"
NY - TX Facility12,Rk1fMTA0MTQ0,ayman@mailinator.com,Ayman Carrier,ayman-carrier,['TESTSCAC'],"{'id': 9228, 'company_id': 'shipper-sera', 'actual_company_id': 'ayman-carrier', 'actual_company_name': 'Ayman Carrier', 'fm_user_id': 'c4jb1og09rifb92io4lg', 'email': 'ayman@mailinator.com', 'name': 'ayman hussain', 'roles': [{'id': '1813', 'name': 'Guest'}], 'scac': ['TESTSCAC'], 'carrier_type': 'CPU', 'is_guest_user': True, 'is_first_time_visit': False, 'active': True, 'created_at': '2021-11-23T17:13:52.614107Z', 'created_by': 'dc-manager', 'last_updated_at': '2022-06-03T15:24:05.219484Z', 'last_updated_by': 'vaijayanthi-a', 'collaborator_type': 'Carrier', 'approved': False, 'customer_id': '', 'customer_id_permalink': '', 'customer_name': ''}"
NY - TX Facility12,Rk1fMTA0MTQ0,all@mailinator.com,Carrier sera,carrier-sera,"['TL', 'TL1', 'scac1234', 'CAR-130360']","{'id': 25536, 'company_id': 'shipper-sera', 'actual_company_id': 'carrier-sera', 'actual_company_name': 'Carrier sera', 'fm_user_id': 'cddm3bvn1jta25t2tdg0', 'email': 'all@mailinator.com', 'name': 'all user', 'roles': [{'id': '1813', 'name': 'Guest'}], 'scac': ['TL', 'TL1', 'scac1234', 'CAR-130360'], 'carrier_type': '', 'is_guest_user': True, 'is_first_time_visit': True, 'active': True, 'created_at': '2022-10-28T05:00:15.381258Z', 'created_by': 'dc-manager', 'last_updated_at': '2024-04-24T09:08:59.32812Z', 'last_updated_by': 'automationqat-superadmin', 'collaborator_type': 'Carrier', 'approved': False, 'customer_id': '', 'customer_id_permalink': '', 'customer_name': ''}"
NY - TX Facility12,Rk1fMTA0MTQ0,vivinduplicatecompanynewuser1@mailinator.com,Vivin Original Company,vivin-original-company,['VDCNU1'],"{'id': 26109, 'company_id': 'shipper-sera', 'actual_company_id': 'vivin-original-company', 'actual_company_name': 'Vivin Original Company', 'fm_user_id': 'cdv20fvn1jtd2sjsp57g', 'email': 'vivinduplicatecompanynewuser1@mailinator.com', 'name': 'Vivinduplicatecompany Newuser1', 'roles': [{'id': '1813', 'name': 'Guest'}], 'scac': ['VDCNU1'], 'carrier_type': 'Other', 'is_guest_user': True, 'is_first_time_visit': False, 'active': True, 'created_at': '2022-11-23T14:57:36.894086Z', 'created_by': 'dc-manager', 'last_updated_at': '2024-04-24T09:09:00.664056Z', 'last_updated_by': 'automationqat-superadmin', 'collaborator_type': 'Carrier', 'approved': False, 'customer_id': '', 'customer_id_permalink': '', 'customer_name': ''}"
NY - TX Facility12,Rk1fMTA0MTQ0,vivinduplicatecompanynewuser3@mailinator.com,Vivin Original Company,vivin-original-company,['VDCNU3'],"{'id': 26115, 'company_id': 'shipper-sera', 'actual_company_id': 'vivin-original-company', 'actual_company_name': 'Vivin Original Company', 'fm_user_id': 'cdv25nfn1jtd2sjsp7o0', 'email': 'vivinduplicatecompanynewuser3@mailinator.com', 'name': 'Vivinduplicatecompany Newuser3', 'roles': [{'id': '1813', 'name': 'Guest'}], 'scac': ['VDCNU3'], 'carrier_type': '', 'is_guest_user': True, 'is_first_time_visit': True, 'active': True, 'created_at': '2022-11-23T14:57:44.423032Z', 'created_by': 'dc-manager', 'last_updated_at': '2024-04-24T09:09:01.862479Z', 'last_updated_by': 'automationqat-superadmin', 'collaborator_type': 'Carrier', 'approved': False, 'customer_id': '', 'customer_id_permalink': '', 'customer_name': ''}"
FRA FAC,Rk1fMTA3NTU1MQ==,carriersera@yopmail.com,Carrier sera,carrier-sera,"['SCAC1', 'SCAC', 'NEWSCAC', 'ARUN', 'KARTHI', 'ARUNKARTHI', '2345678']","{'id': 35582, 'company_id': 'shipper-sera', 'actual_company_id': 'carrier-sera', 'actual_company_name': 'Carrier sera', 'fm_user_id': 'cka28p42c0mqhcs9qm8g', 'email': 'carriersera@yopmail.com', 'name': 'carrier sera YOP mail', 'roles': [{'id': '8414', 'name': 'Guest'}], 'scac': ['SCAC1', 'SCAC', 'NEWSCAC', 'ARUN', 'KARTHI', 'ARUNKARTHI', '2345678'], 'carrier_type': 'CPU', 'is_guest_user': True, 'is_first_time_visit': False, 'active': True, 'created_at': '0001-01-01T00:00:00Z', 'created_by': '', 'last_updated_at': '2024-04-12T07:51:35.197704Z', 'last_updated_by': 'automationqat-superadmin', 'collaborator_type': 'Carrier', 'approved': False, 'customer_id': '', 'customer_id_permalink': '', 'customer_name': ''}"
FRA FAC,Rk1fMTA3NTU1MQ==,7c135837949@inactivemachine.com,Popla Inc,popla-inc,['AQLL'],"{'id': 35541, 'company_id': 'shipper-sera', 'actual_company_id': 'popla-inc', 'actual_company_name': 'Popla Inc', 'fm_user_id': 'cka6v942c0mqhcsa0img', 'email': '7c135837949@inactivemachine.com', 'name': 'Popla Poa', 'roles': [{'id': '8414', 'name': 'Guest'}], 'scac': ['AQLL'], 'carrier_type': 'Managed', 'is_guest_user': True, 'is_first_time_visit': False, 'active': True, 'created_at': '2023-09-27T18:08:36.667138Z', 'created_by': 'dc-manager', 'last_updated_at': '2023-09-27T18:12:47.153698Z', 'last_updated_by': 'popla-poa', 'collaborator_type': 'Carrier', 'approved': False, 'customer_id': '', 'customer_id_permalink': '', 'customer_name': ''}"
FRA FAC,Rk1fMTA3NTU1MQ==,carriersera@mailinator.com,Carrier sera,carrier-sera,"['TL', 'TL1']","{'id': 35538, 'company_id': 'shipper-sera', 'actual_company_id': 'carrier-sera', 'actual_company_name': 'Carrier sera', 'fm_user_id': 'c236qndlc538mj46dua0', 'email': 'carriersera@mailinator.com', 'name': 'carrier-sera', 'roles': [{'id': '8414', 'name': 'Guest'}], 'scac': ['TL', 'TL1'], 'carrier_type': 'Managed', 'is_guest_user': True, 'is_first_time_visit': False, 'active': True, 'created_at': '0001-01-01T00:00:00Z', 'created_by': '', 'last_updated_at': '2024-01-04T12:03:47.828054Z', 'last_updated_by': 'carriersera', 'collaborator_type': 'Carrier', 'approved': False, 'customer_id': '', 'customer_id_permalink': '', 'customer_name': ''}"
FRA FAC,Rk1fMTA3NTU1MQ==,myselfsignup@yopmail.com,Carrier sera,carrier-sera,"['ARUNKARTHIT', 'NEW', 'YES']","{'id': 42375, 'company_id': 'shipper-sera', 'actual_company_id': 'carrier-sera', 'actual_company_name': 'Carrier sera', 'fm_user_id': 'cnskbttsa9kpn1nt9hjg', 'email': 'myselfsignup@yopmail.com', 'name': 'self my', 'roles': [{'id': '8414', 'name': 'Guest'}], 'scac': ['ARUNKARTHIT', 'NEW', 'YES'], 'carrier_type': 'Other', 'is_guest_user': True, 'is_first_time_visit': False, 'active': True, 'created_at': '2024-03-19T07:59:51.783995Z', 'created_by': 'dc-manager', 'last_updated_at': '2024-03-19T08:11:28.669915Z', 'last_updated_by': 'self-my', 'collaborator_type': 'Carrier', 'approved': False, 'customer_id': '', 'customer_id_permalink': '', 'customer_name': ''}"
FRA FAC,Rk1fMTA3NTU1MQ==,testcarrierautocopyscac1@yopmail.com,testcarriercompanyAM,testcarriercompanyam,['SCAC'],"{'id': 36273, 'company_id': 'shipper-sera', 'actual_company_id': 'testcarriercompanyam', 'actual_company_name': 'testcarriercompanyAM', 'fm_user_id': 'cknpors2c0msa2tmr5k0', 'email': 'testcarrierautocopyscac1@yopmail.com', 'name': 'Auto copy scac 1', 'roles': [{'id': '8414', 'name': 'Guest'}], 'scac': ['SCAC'], 'carrier_type': 'CPU', 'is_guest_user': True, 'is_first_time_visit': True, 'active': True, 'created_at': '2023-10-18T08:52:58.817239Z', 'created_by': 'dc-manager', 'last_updated_at': '2024-01-04T07:58:36.234155Z', 'last_updated_by': 'arunkarthi-t', 'collaborator_type': 'Carrier', 'approved': False, 'customer_id': '', 'customer_id_permalink': '', 'customer_name': ''}"
FRA FAC,Rk1fMTA3NTU1MQ==,carriersera1@yopmail.com,Carrier sera,carrier-sera,['SCAC'],"{'id': 40700, 'company_id': 'shipper-sera', 'actual_company_id': 'carrier-sera', 'actual_company_name': 'Carrier sera', 'fm_user_id': 'cmn2uttsa9kqc5n2l9vg', 'email': 'carriersera1@yopmail.com', 'name': 'carrier sera 1 YOP mail', 'roles': [{'id': '8414', 'name': 'Guest'}], 'scac': ['SCAC'], 'carrier_type': 'Other', 'is_guest_user': True, 'is_first_time_visit': False, 'active': True, 'created_at': '2024-01-22T09:03:51.412782Z', 'created_by': 'dc-manager', 'last_updated_at': '2024-02-13T15:48:43.931251Z', 'last_updated_by': 'arunkarthi-t', 'collaborator_type': 'Carrier', 'approved': False, 'customer_id': '', 'customer_id_permalink': '', 'customer_name': ''}"
FRA FAC,Rk1fMTA3NTU1MQ==,rakshanafk@gmail.com,Carrier sera,carrier-sera,"['TL', 'TL1', 'scac1234', 'CAR-130360']","{'id': 40176, 'company_id': 'shipper-sera', 'actual_company_id': 'carrier-sera', 'actual_company_name': 'Carrier sera', 'fm_user_id': 'c6f1n8u8g29dgt6lu9gg', 'email': 'rakshanafk@gmail.com', 'name': 'rakshana fk', 'roles': [{'id': '8414', 'name': 'Guest'}], 'scac': ['TL', 'TL1', 'scac1234', 'CAR-130360'], 'carrier_type': 'Other', 'is_guest_user': True, 'is_first_time_visit': False, 'active': True, 'created_at': '2024-01-10T10:01:32.079339Z', 'created_by': 'dc-manager', 'last_updated_at': '2024-04-24T09:09:05.362652Z', 'last_updated_by': 'automationqat-superadmin', 'collaborator_type': 'Carrier', 'approved': False, 'customer_id': '', 'customer_id_permalink': '', 'customer_name': ''}"
Facility Dummy,Rk1fMTA5NjM2NA==,carriersera@yopmail.com,Carrier sera,carrier-sera,"['SCAC1', 'SCAC', 'NEWSCAC', 'ARUN', 'KARTHI', 'ARUNKARTHI', '2345678']","{'id': 42309, 'company_id': 'shipper-sera', 'actual_company_id': 'carrier-sera', 'actual_company_name': 'Carrier sera', 'fm_user_id': 'cka28p42c0mqhcs9qm8g', 'email': 'carriersera@yopmail.com', 'name': 'carrier sera YOP mail', 'roles': [{'id': '11519', 'name': 'Guest'}], 'scac': ['SCAC1', 'SCAC', 'NEWSCAC', 'ARUN', 'KARTHI', 'ARUNKARTHI', '2345678'], 'carrier_type': 'Other', 'is_guest_user': True, 'is_first_time_visit': False, 'active': True, 'created_at': '2024-03-14T19:49:05.029598Z', 'created_by': 'dc-manager', 'last_updated_at': '2024-04-24T09:09:08.145616Z', 'last_updated_by': 'automationqat-superadmin', 'collaborator_type': 'Carrier', 'approved': False, 'customer_id': '', 'customer_id_permalink': '', 'customer_name': ''}"
Facility 1,Rk1fMTA5Njc5Nw==,carriersera@mailinator.com,Carrier sera,carrier-sera,['SERASCAC'],"{'id': 41948, 'company_id': 'shipper-sera', 'actual_company_id': 'carrier-sera', 'actual_company_name': 'Carrier sera', 'fm_user_id': 'c236qndlc538mj46dua0', 'email': 'carriersera@mailinator.com', 'name': 'carrier-sera', 'roles': [{'id': '11308', 'name': 'Guest'}], 'scac': ['SERASCAC'], 'carrier_type': 'Other', 'is_guest_user': True, 'is_first_time_visit': False, 'active': True, 'created_at': '2024-03-01T12:41:15.904999Z', 'created_by': 'dc-manager', 'last_updated_at': '2024-04-24T09:09:13.832201Z', 'last_updated_by': 'automationqat-superadmin', 'collaborator_type': 'Carrier', 'approved': False, 'customer_id': '', 'customer_id_permalink': '', 'customer_name': ''}"
KD Test Facility,Rk1fMTA5Njk3NA==,carriersera@yopmail.com,Carrier sera,carrier-sera,"['XXXX', 'OAS', 'MNOP', 'PSG']","{'id': 41241, 'company_id': 'shipper-sera', 'actual_company_id': 'carrier-sera', 'actual_company_name': 'Carrier sera', 'fm_user_id': 'cka28p42c0mqhcs9qm8g', 'email': 'carriersera@yopmail.com', 'name': 'carrier sera YOP mail', 'roles': [{'id': '10762', 'name': 'Guest'}], 'scac': ['XXXX', 'OAS', 'MNOP', 'PSG'], 'carrier_type': 'Other', 'is_guest_user': True, 'is_first_time_visit': False, 'active': True, 'created_at': '2024-02-07T07:26:54.217068Z', 'created_by': 'dc-manager', 'last_updated_at': '2024-04-05T15:55:45.167205Z', 'last_updated_by': 'automationqat-superadmin', 'collaborator_type': 'Carrier', 'approved': False, 'customer_id': 'ashok', 'customer_id_permalink': '', 'customer_name': ''}"
KD Test Facility,Rk1fMTA5Njk3NA==,mailtokdtest003@yopmail.com,Carrier sera,carrier-sera,['OMPH'],"{'id': 42014, 'company_id': 'shipper-sera', 'actual_company_id': 'carrier-sera', 'actual_company_name': 'Carrier sera', 'fm_user_id': 'cnjciedsa9ktc6mkd380', 'email': 'mailtokdtest003@yopmail.com', 'name': 'mail2kd testing', 'roles': [{'id': '10762', 'name': 'Guest'}], 'scac': ['OMPH'], 'carrier_type': 'Other', 'is_guest_user': True, 'is_first_time_visit': False, 'active': True, 'created_at': '2024-03-05T07:26:49.334614Z', 'created_by': 'dc-manager', 'last_updated_at': '2024-03-12T07:41:53.446957Z', 'last_updated_by': 'automationqat-superadmin', 'collaborator_type': 'Carrier', 'approved': False, 'customer_id': '', 'customer_id_permalink': '', 'customer_name': ''}"
KD Test Facility,Rk1fMTA5Njk3NA==,kdtest001carrier@yopmail.com,carrierscac,carrierscac,['XXX'],"{'id': 42220, 'company_id': 'shipper-sera', 'actual_company_id': 'carrierscac', 'actual_company_name': 'carrierscac', 'fm_user_id': 'cno03idsa9krnv4qg560', 'email': 'kdtest001carrier@yopmail.com', 'name': 'kdtest testing', 'roles': [{'id': '10762', 'name': 'Guest'}], 'scac': ['XXX'], 'carrier_type': 'Other', 'is_guest_user': True, 'is_first_time_visit': False, 'active': True, 'created_at': '2024-03-12T07:18:33.19345Z', 'created_by': 'dc-manager', 'last_updated_at': '2024-03-12T07:25:20.213737Z', 'last_updated_by': 'kdtest-testing', 'collaborator_type': 'Carrier', 'approved': False, 'customer_id': '', 'customer_id_permalink': '', 'customer_name': ''}"
PDT -25200 facility,Rk1fMTAxNjQ0,carriersera@mailinator.com,Carrier sera,carrier-sera,"['TL', 'TL1', 'scac1234', 'CAR-130360']","{'id': 34947, 'company_id': 'shipper-sera', 'actual_company_id': 'carrier-sera', 'actual_company_name': 'Carrier sera', 'fm_user_id': 'c236qndlc538mj46dua0', 'email': 'carriersera@mailinator.com', 'name': 'carrier-sera', 'roles': [{'id': '6592', 'name': 'Guest'}], 'scac': ['TL', 'TL1', 'scac1234', 'CAR-130360'], 'carrier_type': '', 'is_guest_user': True, 'is_first_time_visit': False, 'active': True, 'created_at': '0001-01-01T00:00:00Z', 'created_by': '', 'last_updated_at': '2023-09-06T06:27:11.560235Z', 'last_updated_by': 'dc-manager', 'collaborator_type': 'Carrier', 'approved': False, 'customer_id': '', 'customer_id_permalink': '', 'customer_name': ''}"
1232,Rk1fMTEwMDU1MQ==,rakshanafk@gmail.com,Carrier sera,carrier-sera,"['TL', 'TL1', 'scac1234', 'CAR-130360']","{'id': 42995, 'company_id': 'shipper-sera', 'actual_company_id': 'carrier-sera', 'actual_company_name': 'Carrier sera', 'fm_user_id': 'c6f1n8u8g29dgt6lu9gg', 'email': 'rakshanafk@gmail.com', 'name': 'rakshana fk', 'roles': [{'id': '11972', 'name': 'Guest'}], 'scac': ['TL', 'TL1', 'scac1234', 'CAR-130360'], 'carrier_type': 'Other', 'is_guest_user': True, 'is_first_time_visit': False, 'active': True, 'created_at': '2024-04-07T16:22:30.812386Z', 'created_by': 'dc-manager', 'last_updated_at': '2024-04-24T09:09:15.228675Z', 'last_updated_by': 'automationqat-superadmin', 'collaborator_type': 'Carrier', 'approved': False, 'customer_id': '', 'customer_id_permalink': '', 'customer_name': ''}"
Nov Facility with alt addr,Rk1fMzQ5NDk0,carriersera@mailinator.com,Carrier sera,carrier-sera,['ABCD'],"{'id': 25878, 'company_id': 'shipper-sera', 'actual_company_id': 'carrier-sera', 'actual_company_name': 'Carrier sera', 'fm_user_id': 'c236qndlc538mj46dua0', 'email': 'carriersera@mailinator.com', 'name': 'carrier-sera', 'roles': [{'id': '5336', 'name': 'Guest'}], 'scac': ['ABCD'], 'carrier_type': 'Managed', 'is_guest_user': True, 'is_first_time_visit': False, 'active': True, 'created_at': '2022-11-10T11:02:13.262899Z', 'created_by': 'dc-manager', 'last_updated_at': '2022-11-10T13:09:28.807821Z', 'last_updated_by': 'carriersera', 'collaborator_type': 'Carrier', 'approved': False, 'customer_id': '', 'customer_id_permalink': '', 'customer_name': ''}"
Nov Facility,Rk1fNDg0ODQ4,vivinduplicatecompanynewuser2@mailinator.com,Vivin Original Company,vivin-original-company,['VDCNU2'],"{'id': 26110, 'company_id': 'shipper-sera', 'actual_company_id': 'vivin-original-company', 'actual_company_name': 'Vivin Original Company', 'fm_user_id': 'cdv247fn1jtd2sjsp72g', 'email': 'vivinduplicatecompanynewuser2@mailinator.com', 'name': 'Vivinduplicatecompany Newuser2', 'roles': [{'id': '5414', 'name': 'Guest'}], 'scac': ['VDCNU2'], 'carrier_type': 'Managed', 'is_guest_user': True, 'is_first_time_visit': False, 'active': True, 'created_at': '2022-11-23T14:57:38.184568Z', 'created_by': 'dc-manager', 'last_updated_at': '2022-11-23T20:25:34.317396Z', 'last_updated_by': 'vivinduplicatecompany-newuser-4', 'collaborator_type': 'Carrier', 'approved': True, 'customer_id': '', 'customer_id_permalink': '', 'customer_name': ''}"
Nov Facility,Rk1fNDg0ODQ4,vivinduplicatecompanynewuser1@mailinator.com,Vivin Original Company,vivin-original-company,['VDCNU1'],"{'id': 26107, 'company_id': 'shipper-sera', 'actual_company_id': 'vivin-original-company', 'actual_company_name': 'Vivin Original Company', 'fm_user_id': 'cdv20fvn1jtd2sjsp57g', 'email': 'vivinduplicatecompanynewuser1@mailinator.com', 'name': 'Vivinduplicatecompany Newuser1', 'roles': [{'id': '5414', 'name': 'Guest'}], 'scac': ['VDCNU1'], 'carrier_type': 'Managed', 'is_guest_user': True, 'is_first_time_visit': False, 'active': True, 'created_at': '2022-11-23T14:57:34.805459Z', 'created_by': 'dc-manager', 'last_updated_at': '2022-11-23T15:42:55.521906Z', 'last_updated_by': 'vivinduplicatecompany-newuser', 'collaborator_type': 'Carrier', 'approved': True, 'customer_id': '', 'customer_id_permalink': '', 'customer_name': ''}"
Nov Facility,Rk1fNDg0ODQ4,vivinduplicatecompanynewuser3@mailinator.com,Vivin Original Company,vivin-original-company,['VDCNU3'],"{'id': 26113, 'company_id': 'shipper-sera', 'actual_company_id': 'vivin-original-company', 'actual_company_name': 'Vivin Original Company', 'fm_user_id': 'cdv25nfn1jtd2sjsp7o0', 'email': 'vivinduplicatecompanynewuser3@mailinator.com', 'name': 'Vivinduplicatecompany Newuser3', 'roles': [{'id': '5414', 'name': 'Guest'}], 'scac': ['VDCNU3'], 'carrier_type': 'Managed', 'is_guest_user': True, 'is_first_time_visit': True, 'active': True, 'created_at': '2022-11-23T14:57:42.087308Z', 'created_by': 'dc-manager', 'last_updated_at': '2022-11-23T15:06:08.572384Z', 'last_updated_by': 'shippersera', 'collaborator_type': 'Carrier', 'approved': True, 'customer_id': '', 'customer_id_permalink': '', 'customer_name': ''}"
Nov Facility,Rk1fNDg0ODQ4,vivinoriginalcompany2@mailinator.com,Vivin Original Company,vivin-original-company,['VOCU1'],"{'id': 26117, 'company_id': 'shipper-sera', 'actual_company_id': 'vivin-original-company', 'actual_company_name': 'Vivin Original Company', 'fm_user_id': 'cdh0oj7n1jt93kntmhg0', 'email': 'vivinoriginalcompany2@mailinator.com', 'name': 'VivinOriginalCompany User2', 'roles': [{'id': '5414', 'name': 'Guest'}], 'scac': ['VOCU1'], 'carrier_type': 'Managed', 'is_guest_user': True, 'is_first_time_visit': True, 'active': True, 'created_at': '2022-11-23T15:07:43.075106Z', 'created_by': 'dc-manager', 'last_updated_at': '2022-11-23T15:08:09.590006Z', 'last_updated_by': 'shippersera', 'collaborator_type': 'Carrier', 'approved': True, 'customer_id': '', 'customer_id_permalink': '', 'customer_name': ''}"
Nov Facility,Rk1fNDg0ODQ4,vivinoriginalcompany1@mailinator.com,Vivin Original Company,vivin-original-company,['VOCU1'],"{'id': 26116, 'company_id': 'shipper-sera', 'actual_company_id': 'vivin-original-company', 'actual_company_name': 'Vivin Original Company', 'fm_user_id': 'cdh0o17n1jt93kntmh60', 'email': 'vivinoriginalcompany1@mailinator.com', 'name': 'VivinOriginalCompany User1', 'roles': [{'id': '5414', 'name': 'Guest'}], 'scac': ['VOCU1'], 'carrier_type': 'Managed', 'is_guest_user': True, 'is_first_time_visit': True, 'active': True, 'created_at': '2022-11-23T15:07:41.678762Z', 'created_by': 'dc-manager', 'last_updated_at': '2022-11-23T15:08:00.848388Z', 'last_updated_by': 'shippersera', 'collaborator_type': 'Carrier', 'approved': True, 'customer_id': '', 'customer_id_permalink': '', 'customer_name': ''}"
Nov Facility,Rk1fNDg0ODQ4,carriersera@mailinator.com,Carrier sera,carrier-sera,['SERASCAC'],"{'id': 26119, 'company_id': 'shipper-sera', 'actual_company_id': 'carrier-sera', 'actual_company_name': 'Carrier sera', 'fm_user_id': 'c236qndlc538mj46dua0', 'email': 'carriersera@mailinator.com', 'name': 'carrier-sera', 'roles': [{'id': '5414', 'name': 'Guest'}], 'scac': ['SERASCAC'], 'carrier_type': '', 'is_guest_user': True, 'is_first_time_visit': True, 'active': True, 'created_at': '2022-11-23T16:01:44.694364Z', 'created_by': 'dc-manager', 'last_updated_at': '2024-04-24T09:09:18.496473Z', 'last_updated_by': 'automationqat-superadmin', 'collaborator_type': 'Carrier', 'approved': False, 'customer_id': '', 'customer_id_permalink': '', 'customer_name': ''}"
1-Ayman's Facility - mat but no prod,Rk1fNTMyMzU=,unverifiedcarrieruser0249@mailinator.com,unverified am carrier,unverified-am-carrier,['1343'],"{'id': 37320, 'company_id': 'shipper-sera', 'actual_company_id': 'unverified-am-carrier', 'actual_company_name': 'unverified am carrier', 'fm_user_id': 'c8j00o7gaqercrkbastg', 'email': 'unverifiedcarrieruser0249@mailinator.com', 'name': 'unverified carrieruser0249', 'roles': [{'id': '4879', 'name': 'Guest'}], 'scac': ['1343'], 'carrier_type': '', 'is_guest_user': True, 'is_first_time_visit': False, 'active': True, 'created_at': '0001-01-01T00:00:00Z', 'created_by': '', 'last_updated_at': '2023-11-08T04:44:02.345256Z', 'last_updated_by': 'dc-manager', 'collaborator_type': 'Carrier', 'approved': False, 'customer_id': '', 'customer_id_permalink': '', 'customer_name': ''}"
1-Ayman's Facility - mat but no prod,Rk1fNTMyMzU=,ayman@mailinator.com,Ayman Carrier,ayman-carrier,['TESTSCAC'],"{'id': 35515, 'company_id': 'shipper-sera', 'actual_company_id': 'ayman-carrier', 'actual_company_name': 'Ayman Carrier', 'fm_user_id': 'c4jb1og09rifb92io4lg', 'email': 'ayman@mailinator.com', 'name': 'ayman hussain', 'roles': [{'id': '4879', 'name': 'Guest'}], 'scac': ['TESTSCAC'], 'carrier_type': '', 'is_guest_user': True, 'is_first_time_visit': True, 'active': True, 'created_at': '2023-09-27T04:18:51.966498Z', 'created_by': 'dc-manager', 'last_updated_at': '2024-04-24T09:09:21.670678Z', 'last_updated_by': 'automationqat-superadmin', 'collaborator_type': 'Carrier', 'approved': False, 'customer_id': '', 'customer_id_permalink': '', 'customer_name': ''}"
1-Ayman's Facility - mat but no prod,Rk1fNTMyMzU=,carriersera@mailinator.com,Carrier sera,carrier-sera,['SERASCAC'],"{'id': 37221, 'company_id': 'shipper-sera', 'actual_company_id': 'carrier-sera', 'actual_company_name': 'Carrier sera', 'fm_user_id': 'c236qndlc538mj46dua0', 'email': 'carriersera@mailinator.com', 'name': 'carrier-sera', 'roles': [{'id': '4879', 'name': 'Guest'}], 'scac': ['SERASCAC'], 'carrier_type': 'Other', 'is_guest_user': True, 'is_first_time_visit': False, 'active': True, 'created_at': '2023-11-07T04:41:48.654877Z', 'created_by': 'dc-manager', 'last_updated_at': '2024-04-24T09:09:23.108518Z', 'last_updated_by': 'automationqat-superadmin', 'collaborator_type': 'Carrier', 'approved': False, 'customer_id': '', 'customer_id_permalink': '', 'customer_name': ''}"
1-Ayman's Facility - mat but no prod,Rk1fNTMyMzU=,fwkdtest001@yopmail.com,Shipper Sera 2,shipper-sera-2,['TRY'],"{'id': 42929, 'company_id': 'shipper-sera', 'actual_company_id': 'shipper-sera-2', 'actual_company_name': 'Shipper Sera 2', 'fm_user_id': 'co7u3vtsa9kvl5nd6vmg', 'email': 'fwkdtest001@yopmail.com', 'name': 'fwkdtest00123', 'roles': [{'id': '4879', 'name': 'Guest'}], 'scac': ['TRY'], 'carrier_type': '', 'is_guest_user': True, 'is_first_time_visit': True, 'active': True, 'created_at': '2024-04-05T11:35:27.906802Z', 'created_by': 'dc-manager', 'last_updated_at': '2024-04-12T07:44:33.140611Z', 'last_updated_by': 'automationqat-superadmin', 'collaborator_type': 'Carrier', 'approved': False, 'customer_id': 'ashok', 'customer_id_permalink': 'shipper-sera-custnewship', 'customer_name': 'CustNewShip'}"
1-Ayman's Facility - mat but no prod,Rk1fNTMyMzU=,carriersera@yopmail.com,Carrier sera,carrier-sera,"['SCAC1', 'SCAC', 'NEWSCAC', 'ARUN', 'KARTHI', 'ARUNKARTHI', '2345678']","{'id': 37319, 'company_id': 'shipper-sera', 'actual_company_id': 'carrier-sera', 'actual_company_name': 'Carrier sera', 'fm_user_id': 'cka28p42c0mqhcs9qm8g', 'email': 'carriersera@yopmail.com', 'name': 'carrier sera YOP mail', 'roles': [{'id': '4879', 'name': 'Guest'}], 'scac': ['SCAC1', 'SCAC', 'NEWSCAC', 'ARUN', 'KARTHI', 'ARUNKARTHI', '2345678'], 'carrier_type': 'Other', 'is_guest_user': True, 'is_first_time_visit': False, 'active': True, 'created_at': '0001-01-01T00:00:00Z', 'created_by': '', 'last_updated_at': '2024-04-24T09:09:24.557554Z', 'last_updated_by': 'automationqat-superadmin', 'collaborator_type': 'Carrier', 'approved': True, 'customer_id': '', 'customer_id_permalink': '', 'customer_name': ''}"
1-Ayman's Facility - mat but no prod,Rk1fNTMyMzU=,all@mailinator.com,Carrier sera,carrier-sera,"['TL', 'TL1', 'scac1234', 'CAR-130360']","{'id': 43369, 'company_id': 'shipper-sera', 'actual_company_id': 'carrier-sera', 'actual_company_name': 'Carrier sera', 'fm_user_id': 'cddm3bvn1jta25t2tdg0', 'email': 'all@mailinator.com', 'name': 'all user', 'roles': [{'id': '4879', 'name': 'Guest'}], 'scac': ['TL', 'TL1', 'scac1234', 'CAR-130360'], 'carrier_type': '', 'is_guest_user': True, 'is_first_time_visit': True, 'active': True, 'created_at': '2024-04-18T12:11:25.024238Z', 'created_by': 'dc-manager', 'last_updated_at': '2024-04-24T09:09:25.868848Z', 'last_updated_by': 'automationqat-superadmin', 'collaborator_type': 'Carrier', 'approved': False, 'customer_id': '', 'customer_id_permalink': '', 'customer_name': ''}"
Facility stop 1 - Omaha,Rk1fNjA1ODI3,carriersera@mailinator.com,Carrier sera,carrier-sera,['SERASCAC'],"{'id': 37549, 'company_id': 'shipper-sera', 'actual_company_id': 'carrier-sera', 'actual_company_name': 'Carrier sera', 'fm_user_id': 'c236qndlc538mj46dua0', 'email': 'carriersera@mailinator.com', 'name': 'carrier-sera', 'roles': [{'id': '8464', 'name': 'Guest'}], 'scac': ['SERASCAC'], 'carrier_type': 'Other', 'is_guest_user': True, 'is_first_time_visit': False, 'active': True, 'created_at': '2023-11-13T06:30:11.544351Z', 'created_by': 'dc-manager', 'last_updated_at': '2024-04-24T09:09:27.406649Z', 'last_updated_by': 'automationqat-superadmin', 'collaborator_type': 'Carrier', 'approved': False, 'customer_id': '', 'customer_id_permalink': '', 'customer_name': ''}"
Facility stop 1 - Omaha,Rk1fNjA1ODI3,rakshanafk@gmail.com,Carrier sera,carrier-sera,"['TL', 'TL1', 'scac1234', 'CAR-130360']","{'id': 35704, 'company_id': 'shipper-sera', 'actual_company_id': 'carrier-sera', 'actual_company_name': 'Carrier sera', 'fm_user_id': 'c6f1n8u8g29dgt6lu9gg', 'email': 'rakshanafk@gmail.com', 'name': 'rakshana fk', 'roles': [{'id': '8464', 'name': 'Guest'}], 'scac': ['TL', 'TL1', 'scac1234', 'CAR-130360'], 'carrier_type': 'Other', 'is_guest_user': True, 'is_first_time_visit': False, 'active': True, 'created_at': '2023-10-05T03:41:46.48728Z', 'created_by': 'dc-manager', 'last_updated_at': '2024-04-24T09:09:29.030193Z', 'last_updated_by': 'automationqat-superadmin', 'collaborator_type': 'Carrier', 'approved': False, 'customer_id': '', 'customer_id_permalink': '', 'customer_name': ''}"
8300 Haskell Ave,Rk1fNjA1ODI4,invite00123@mailinator.com,test568790,test568790,['iuujnijin'],"{'id': 26315, 'company_id': 'shipper-sera', 'actual_company_id': 'test568790', 'actual_company_name': 'test568790', 'fm_user_id': 'ce7kj8vn1jtfvatsp310', 'email': 'invite00123@mailinator.com', 'name': 'test t5678', 'roles': [{'id': '343', 'name': 'Guest'}], 'scac': ['iuujnijin'], 'carrier_type': 'Managed', 'is_guest_user': True, 'is_first_time_visit': True, 'active': True, 'created_at': '2022-12-06T13:54:43.816812Z', 'created_by': 'dc-manager', 'last_updated_at': '2024-04-23T07:34:35.864747Z', 'last_updated_by': 'automationqat-superadmin', 'collaborator_type': 'Carrier', 'approved': True, 'customer_id': '', 'customer_id_permalink': '', 'customer_name': ''}"
8300 Haskell Ave,Rk1fNjA1ODI4,vivintesting1530@mailinator.com,vivinselfsignup12334,vivinselfsignup12334,['234'],"{'id': 25989, 'company_id': 'shipper-sera', 'actual_company_id': 'vivinselfsignup12334', 'actual_company_name': 'vivinselfsignup12334', 'fm_user_id': 'cdqut0vn1jtd2sjqci6g', 'email': 'vivintesting1530@mailinator.com', 'name': 'Vivin Test123', 'roles': [{'id': '343', 'name': 'Guest'}], 'scac': ['234'], 'carrier_type': '', 'is_guest_user': True, 'is_first_time_visit': True, 'active': True, 'created_at': '2022-11-17T08:19:15.282257Z', 'created_by': 'dc-manager', 'last_updated_at': '2022-12-09T14:58:47.84197Z', 'last_updated_by': 'rakshana', 'collaborator_type': 'Carrier', 'approved': False, 'customer_id': '', 'customer_id_permalink': '', 'customer_name': ''}"
8300 Haskell Ave,Rk1fNjA1ODI4,amdemobrokeruser@mailinator.com,AM Demo Broker,am-demo-broker,"['567', '234']","{'id': 14203, 'company_id': 'shipper-sera', 'actual_company_id': 'am-demo-broker', 'actual_company_name': 'AM Demo Broker', 'fm_user_id': 'c7j5i3fgaqeovs6juvug', 'email': 'amdemobrokeruser@mailinator.com', 'name': 'adfasdfg asdfasdfg', 'roles': [{'id': '343', 'name': 'Guest'}], 'scac': ['567', '234'], 'carrier_type': 'CPU', 'is_guest_user': True, 'is_first_time_visit': True, 'active': True, 'created_at': '2022-01-18T06:07:09.37866Z', 'created_by': 'dc-manager', 'last_updated_at': '2022-12-12T05:57:36.777591Z', 'last_updated_by': 'vaijayanthi-a', 'collaborator_type': 'Carrier', 'approved': False, 'customer_id': '', 'customer_id_permalink': '', 'customer_name': ''}"
8300 Haskell Ave,Rk1fNjA1ODI4,vivinduplicatecompanynewuser2@mailinator.com,Vivin Original Company,vivin-original-company,['VDCNU2'],"{'id': 26102, 'company_id': 'shipper-sera', 'actual_company_id': 'vivin-original-company', 'actual_company_name': 'Vivin Original Company', 'fm_user_id': 'cdv247fn1jtd2sjsp72g', 'email': 'vivinduplicatecompanynewuser2@mailinator.com', 'name': 'Vivinduplicatecompany Newuser2', 'roles': [{'id': '343', 'name': 'Guest'}], 'scac': ['VDCNU2'], 'carrier_type': 'Managed', 'is_guest_user': True, 'is_first_time_visit': False, 'active': True, 'created_at': '2022-11-23T13:37:33.46828Z', 'created_by': 'dc-manager', 'last_updated_at': '2022-11-23T20:25:04.564834Z', 'last_updated_by': 'vivinduplicatecompany-newuser-4', 'collaborator_type': 'Carrier', 'approved': True, 'customer_id': '', 'customer_id_permalink': '', 'customer_name': ''}"
8300 Haskell Ave,Rk1fNjA1ODI4,jbhunt@mailinator.com,JB Hunt,jb-hunt,"['JBH', '67']","{'id': 26370, 'company_id': 'shipper-sera', 'actual_company_id': 'jb-hunt', 'actual_company_name': 'JB Hunt', 'fm_user_id': 'ce9djs7n1jta1i2chgn0', 'email': 'jbhunt@mailinator.com', 'name': 'JBHunt User', 'roles': [{'id': '343', 'name': 'Guest'}], 'scac': ['JBH', '67'], 'carrier_type': 'Managed', 'is_guest_user': True, 'is_first_time_visit': False, 'active': True, 'created_at': '2022-12-09T06:47:12.745619Z', 'created_by': 'dc-manager', 'last_updated_at': '2023-12-21T03:42:40.234173Z', 'last_updated_by': 'rakshana', 'collaborator_type': 'Carrier', 'approved': True, 'customer_id': '', 'customer_id_permalink': '', 'customer_name': ''}"
8300 Haskell Ave,Rk1fNjA1ODI4,vivinduplicatecompany1@mailinator.com,Vivin Original Company,vivin-original-company,['VDCU1'],"{'id': 25712, 'company_id': 'shipper-sera', 'actual_company_id': 'vivin-original-company', 'actual_company_name': 'Vivin Original Company', 'fm_user_id': 'cdh0pmvn1jt93kntmi0g', 'email': 'vivinduplicatecompany1@mailinator.com', 'name': 'VivinDuplicateCompany User1', 'roles': [{'id': '343', 'name': 'Guest'}], 'scac': ['VDCU1'], 'carrier_type': 'Managed', 'is_guest_user': True, 'is_first_time_visit': False, 'active': True, 'created_at': '2022-11-02T06:23:23.84676Z', 'created_by': 'dc-manager', 'last_updated_at': '2022-11-02T11:45:40.855818Z', 'last_updated_by': 'vivin-venkateshwaran', 'collaborator_type': 'Carrier', 'approved': True, 'customer_id': '', 'customer_id_permalink': '', 'customer_name': ''}"
8300 Haskell Ave,Rk1fNjA1ODI4,vivinduplicatecompany2@mailinator.com,Vivin Original Company,vivin-original-company,['VDCU2'],"{'id': 25713, 'company_id': 'shipper-sera', 'actual_company_id': 'vivin-original-company', 'actual_company_name': 'Vivin Original Company', 'fm_user_id': 'cdh0qr7n1jt93kntmihg', 'email': 'vivinduplicatecompany2@mailinator.com', 'name': 'VivinDuplicateCompany User2', 'roles': [{'id': '343', 'name': 'Guest'}], 'scac': ['VDCU2'], 'carrier_type': 'Managed', 'is_guest_user': True, 'is_first_time_visit': True, 'active': True, 'created_at': '2022-11-02T06:25:48.321523Z', 'created_by': 'dc-manager', 'last_updated_at': '2022-11-02T11:45:13.338962Z', 'last_updated_by': 'vivin-venkateshwaran', 'collaborator_type': 'Carrier', 'approved': True, 'customer_id': '', 'customer_id_permalink': '', 'customer_name': ''}"
8300 Haskell Ave,Rk1fNjA1ODI4,vivinoriginalcompany1@mailinator.com,Vivin Original Company,vivin-original-company,['VOCU1'],"{'id': 25710, 'company_id': 'shipper-sera', 'actual_company_id': 'vivin-original-company', 'actual_company_name': 'Vivin Original Company', 'fm_user_id': 'cdh0o17n1jt93kntmh60', 'email': 'vivinoriginalcompany1@mailinator.com', 'name': 'VivinOriginalCompany User1', 'roles': [{'id': '343', 'name': 'Guest'}], 'scac': ['VOCU1'], 'carrier_type': 'Other', 'is_guest_user': True, 'is_first_time_visit': False, 'active': True, 'created_at': '2022-11-02T06:19:48.191445Z', 'created_by': 'dc-manager', 'last_updated_at': '2022-11-02T11:15:15.024167Z', 'last_updated_by': 'vivinoriginalcompany-user', 'collaborator_type': 'Carrier', 'approved': False, 'customer_id': '', 'customer_id_permalink': '', 'customer_name': ''}"
8300 Haskell Ave,Rk1fNjA1ODI4,jbhuntuser1@mailinator.com,JB Hunt,jb-hunt,['JBH'],"{'id': 26371, 'company_id': 'shipper-sera', 'actual_company_id': 'jb-hunt', 'actual_company_name': 'JB Hunt', 'fm_user_id': 'ce9dp8vn1jta1i2chk9g', 'email': 'jbhuntuser1@mailinator.com', 'name': 'jbhunt user1', 'roles': [{'id': '343', 'name': 'Guest'}], 'scac': ['JBH'], 'carrier_type': 'Managed', 'is_guest_user': True, 'is_first_time_visit': False, 'active': True, 'created_at': '2022-12-09T06:58:43.318849Z', 'created_by': 'dc-manager', 'last_updated_at': '2022-12-09T07:00:11.495024Z', 'last_updated_by': 'jbhunt-user-6681', 'collaborator_type': 'Carrier', 'approved': True, 'customer_id': '', 'customer_id_permalink': '', 'customer_name': ''}"
8300 Haskell Ave,Rk1fNjA1ODI4,vivinoriginalcompany2@mailinator.com,Vivin Original Company,vivin-original-company,['VOCU2'],"{'id': 25711, 'company_id': 'shipper-sera', 'actual_company_id': 'vivin-original-company', 'actual_company_name': 'Vivin Original Company', 'fm_user_id': 'cdh0oj7n1jt93kntmhg0', 'email': 'vivinoriginalcompany2@mailinator.com', 'name': 'VivinOriginalCompany User2', 'roles': [{'id': '343', 'name': 'Guest'}], 'scac': ['VOCU2'], 'carrier_type': 'Managed', 'is_guest_user': True, 'is_first_time_visit': True, 'active': True, 'created_at': '2022-11-02T06:21:00.264547Z', 'created_by': 'dc-manager', 'last_updated_at': '2022-11-02T11:45:52.642571Z', 'last_updated_by': 'vivin-venkateshwaran', 'collaborator_type': 'Carrier', 'approved': False, 'customer_id': '', 'customer_id_permalink': '', 'customer_name': ''}"
8300 Haskell Ave,Rk1fNjA1ODI4,qatcarrieruser2@mailinator.com,XPO Logistics,xlft,['SHAC'],"{'id': 28432, 'company_id': 'shipper-sera', 'actual_company_id': 'xlft', 'actual_company_name': 'XPO Logistics', 'fm_user_id': 'c6hjps68g29dgt6np370', 'email': 'qatcarrieruser2@mailinator.com', 'name': 'qatcarrieruser2', 'roles': [{'id': '343', 'name': 'Guest'}], 'scac': ['SHAC'], 'carrier_type': 'Managed', 'is_guest_user': True, 'is_first_time_visit': False, 'active': True, 'created_at': '2023-02-10T08:31:06.755817Z', 'created_by': 'dc-manager', 'last_updated_at': '2023-02-10T08:32:44.571275Z', 'last_updated_by': 'qatcarrieruser-2052', 'collaborator_type': 'Carrier', 'approved': False, 'customer_id': '', 'customer_id_permalink': '', 'customer_name': ''}"
8300 Haskell Ave,Rk1fNjA1ODI4,invite13@yopmail.com,selfsigntest134444,selfsigntest134444,['ABCD'],"{'id': 26509, 'company_id': 'shipper-sera', 'actual_company_id': 'selfsigntest134444', 'actual_company_name': 'selfsigntest134444', 'fm_user_id': 'cefthc7n1jtbhk7kb7s0', 'email': 'invite13@yopmail.com', 'name': 'fname lname', 'roles': [{'id': '343', 'name': 'Guest'}], 'scac': ['ABCD'], 'carrier_type': 'CPU', 'is_guest_user': True, 'is_first_time_visit': False, 'active': True, 'created_at': '2022-12-19T03:21:20.561166Z', 'created_by': 'dc-manager', 'last_updated_at': '2022-12-19T03:26:05.146183Z', 'last_updated_by': 'fname-lname-3665', 'collaborator_type': 'Carrier', 'approved': False, 'customer_id': '', 'customer_id_permalink': '', 'customer_name': ''}"
8300 Haskell Ave,Rk1fNjA1ODI4,ayman@mailinator.com,Ayman Carrier,ayman-carrier,['ABCDE'],"{'id': 2177, 'company_id': 'shipper-sera', 'actual_company_id': 'ayman-carrier', 'actual_company_name': 'Ayman Carrier', 'fm_user_id': 'c4jb1og09rifb92io4lg', 'email': 'ayman@mailinator.com', 'name': 'ayman hussain', 'roles': [{'id': '343', 'name': 'Guest'}], 'scac': ['ABCDE'], 'carrier_type': 'Managed', 'is_guest_user': True, 'is_first_time_visit': False, 'active': True, 'created_at': '2021-08-25T21:06:42.138443Z', 'created_by': 'dc-manager', 'last_updated_at': '2022-06-08T08:38:21.564984Z', 'last_updated_by': 'aiman-hussain-383', 'collaborator_type': 'Carrier', 'approved': False, 'customer_id': '', 'customer_id_permalink': '', 'customer_name': ''}"
8300 Haskell Ave,Rk1fNjA1ODI4,testam@c.com,RNMF TRANSPORTATION LLC,rnmf-transportation-llc,['abcd'],"{'id': 26569, 'company_id': 'shipper-sera', 'actual_company_id': 'rnmf-transportation-llc', 'actual_company_name': 'RNMF TRANSPORTATION LLC', 'fm_user_id': 'ceim8vnn1jte62bjt12g', 'email': 'testam@c.com', 'name': 'test carrier', 'roles': [{'id': '343', 'name': 'Guest'}], 'scac': ['abcd'], 'carrier_type': 'Managed', 'is_guest_user': True, 'is_first_time_visit': True, 'active': True, 'created_at': '2022-12-23T08:19:10.655393Z', 'created_by': 'dc-manager', 'last_updated_at': '2023-01-17T10:41:32.781Z', 'last_updated_by': 'vivin-venkateshwaran', 'collaborator_type': 'Carrier', 'approved': False, 'customer_id': '', 'customer_id_permalink': '', 'customer_name': ''}"
8300 Haskell Ave,Rk1fNjA1ODI4,invite12222@mailinator.com,Carrier sera,carrier-sera-2247,['ABCD'],"{'id': 31021, 'company_id': 'shipper-sera', 'actual_company_id': 'carrier-sera-2247', 'actual_company_name': 'Carrier sera', 'fm_user_id': 'ch9qt52end1t8eu3s3mg', 'email': 'invite12222@mailinator.com', 'name': 'fname lname', 'roles': [{'id': '343', 'name': 'Guest'}], 'scac': ['ABCD'], 'carrier_type': 'Managed', 'is_guest_user': True, 'is_first_time_visit': False, 'active': True, 'created_at': '2023-05-04T13:09:40.374811Z', 'created_by': 'dc-manager', 'last_updated_at': '2023-05-04T13:11:24.655051Z', 'last_updated_by': 'fname-lname-1788', 'collaborator_type': 'Carrier', 'approved': False, 'customer_id': '', 'customer_id_permalink': '', 'customer_name': ''}"
8300 Haskell Ave,Rk1fNjA1ODI4,aprilregcarrier@mailinator.com,April reg carrier,april-reg-carrier,"['APRILTL', 'APRILAM', 'EUR']","{'id': 24237, 'company_id': 'shipper-sera', 'actual_company_id': 'april-reg-carrier', 'actual_company_name': 'April reg carrier', 'fm_user_id': 'c9lu12k6nifbthmk3ln0', 'email': 'aprilregcarrier@mailinator.com', 'name': 'April RegC', 'roles': [{'id': '343', 'name': 'Guest'}], 'scac': ['APRILTL', 'APRILAM', 'EUR'], 'carrier_type': 'Managed', 'is_guest_user': True, 'is_first_time_visit': False, 'active': True, 'created_at': '2022-08-24T08:39:45.512471Z', 'created_by': 'dc-manager', 'last_updated_at': '2023-07-03T10:42:16.925791Z', 'last_updated_by': 'april-regc', 'collaborator_type': 'Carrier', 'approved': True, 'customer_id': '', 'customer_id_permalink': '', 'customer_name': ''}"
8300 Haskell Ave,Rk1fNjA1ODI4,vivinduplicatecompany3@mailinator.com,,vivin-original-company,['VDCU3'],"{'id': 25738, 'company_id': 'shipper-sera', 'actual_company_id': 'vivin-original-company', 'fm_user_id': 'cdh5g7nn1jt93kntpkk0', 'email': 'vivinduplicatecompany3@mailinator.com', 'name': 'VivinDuplicateCompany User3', 'roles': [{'id': '343', 'name': 'Guest'}], 'scac': ['VDCU3'], 'carrier_type': 'Other', 'is_guest_user': True, 'is_first_time_visit': True, 'active': True, 'created_at': '2022-11-03T05:11:39.072419Z', 'created_by': 'dc-manager', 'last_updated_at': '2023-08-31T09:25:03.732656Z', 'last_updated_by': 'vaijayanthi-a', 'collaborator_type': 'Carrier', 'approved': True, 'customer_id': '', 'customer_id_permalink': '', 'customer_name': ''}"
8300 Haskell Ave,Rk1fNjA1ODI4,testcollab1@mailinator.com,Carrier sera,carrier-sera,"['TL', 'TL1', 'C1', 'C2', 'M1']","{'id': 34205, 'company_id': 'shipper-sera', 'actual_company_id': 'carrier-sera', 'actual_company_name': 'Carrier sera', 'fm_user_id': 'cjevbq42c0mr3q60p0dg', 'email': 'testcollab1@mailinator.com', 'name': 'test collab1', 'roles': [{'id': '343', 'name': 'Guest'}], 'scac': ['TL', 'TL1', 'C1', 'C2', 'M1'], 'carrier_type': 'Managed', 'is_guest_user': True, 'is_first_time_visit': False, 'active': True, 'created_at': '0001-01-01T00:00:00Z', 'created_by': '', 'last_updated_at': '2023-08-17T11:44:21.300212Z', 'last_updated_by': 'test-collab-6351', 'collaborator_type': 'Carrier', 'approved': False, 'customer_id': '', 'customer_id_permalink': '', 'customer_name': ''}"
8300 Haskell Ave,Rk1fNjA1ODI4,emailtest@mailinator.com,Carrier sera,carrier-sera-2247,['TL'],"{'id': 35286, 'company_id': 'shipper-sera', 'actual_company_id': 'carrier-sera-2247', 'actual_company_name': 'Carrier sera', 'fm_user_id': 'ck5tpck2c0moaohu8lq0', 'email': 'emailtest@mailinator.com', 'name': 'EmailTest', 'roles': [{'id': '343', 'name': 'Guest'}], 'scac': ['TL'], 'carrier_type': 'Other', 'is_guest_user': True, 'is_first_time_visit': False, 'active': True, 'created_at': '2023-09-21T06:14:11.102264Z', 'created_by': 'dc-manager', 'last_updated_at': '2023-09-21T09:28:00.221534Z', 'last_updated_by': 'emailtest', 'collaborator_type': 'Carrier', 'approved': False, 'customer_id': '', 'customer_id_permalink': '', 'customer_name': ''}"
8300 Haskell Ave,Rk1fNjA1ODI4,all@mailinator.com,Carrier sera,carrier-sera,"['TL', 'TL1', 'scac1234', 'CAR-130360']","{'id': 36708, 'company_id': 'shipper-sera', 'actual_company_id': 'carrier-sera', 'actual_company_name': 'Carrier sera', 'fm_user_id': 'cddm3bvn1jta25t2tdg0', 'email': 'all@mailinator.com', 'name': 'all user', 'roles': [{'id': '343', 'name': 'Guest'}], 'scac': ['TL', 'TL1', 'scac1234', 'CAR-130360'], 'carrier_type': '', 'is_guest_user': True, 'is_first_time_visit': False, 'active': True, 'created_at': '0001-01-01T00:00:00Z', 'created_by': '', 'last_updated_at': '2023-10-30T13:20:39.164178Z', 'last_updated_by': 'dc-manager', 'collaborator_type': 'Carrier', 'approved': False, 'customer_id': '', 'customer_id_permalink': '', 'customer_name': ''}"
8300 Haskell Ave,Rk1fNjA1ODI4,test74747@yopmail.com,COLOSSAL CARRIERS,colossal-carriers,"['NEW', 'NEW1']","{'id': 37328, 'company_id': 'shipper-sera', 'actual_company_id': 'colossal-carriers', 'actual_company_name': 'COLOSSAL CARRIERS', 'fm_user_id': 'cl5kmjk2c0mtb38o7k1g', 'email': 'test74747@yopmail.com', 'name': 'test t74747', 'roles': [{'id': '343', 'name': 'Guest'}], 'scac': ['NEW', 'NEW1'], 'carrier_type': 'Managed', 'is_guest_user': True, 'is_first_time_visit': True, 'active': True, 'created_at': '2023-11-08T08:48:14.183639Z', 'created_by': 'dc-manager', 'last_updated_at': '2023-11-08T08:53:30.970772Z', 'last_updated_by': 'vaijayanthi-a', 'collaborator_type': 'Carrier', 'approved': True, 'customer_id': '', 'customer_id_permalink': '', 'customer_name': ''}"
8300 Haskell Ave,Rk1fNjA1ODI4,apmteucarrier1@mailinator.com,apmteu,apmteu,['EU1'],"{'id': 25802, 'company_id': 'shipper-sera', 'actual_company_id': 'apmteu', 'actual_company_name': 'apmteu', 'fm_user_id': 'cdjtpb7n1jt93knvb6qg', 'email': 'apmteucarrier1@mailinator.com', 'name': 'apmt euc1', 'roles': [{'id': '343', 'name': 'Guest'}], 'scac': ['EU1'], 'carrier_type': 'Other', 'is_guest_user': True, 'is_first_time_visit': False, 'active': True, 'created_at': '2022-11-06T16:11:24.881841Z', 'created_by': 'dc-manager', 'last_updated_at': '2023-09-26T12:43:44.1436Z', 'last_updated_by': 'vaijayanthi-a', 'collaborator_type': 'Carrier', 'approved': True, 'customer_id': '', 'customer_id_permalink': '', 'customer_name': ''}"
8300 Haskell Ave,Rk1fNjA1ODI4,carriersera@yopmail.com,Carrier sera,carrier-sera,"['TL', 'TL1', 'scac1234', 'CAR-130360', 'SCAC']","{'id': 36026, 'company_id': 'shipper-sera', 'actual_company_id': 'carrier-sera', 'actual_company_name': 'Carrier sera', 'fm_user_id': 'cka28p42c0mqhcs9qm8g', 'email': 'carriersera@yopmail.com', 'name': 'carrier sera YOP mail', 'roles': [{'id': '343', 'name': 'Guest'}], 'scac': ['TL', 'TL1', 'scac1234', 'CAR-130360', 'SCAC'], 'carrier_type': '', 'is_guest_user': True, 'is_first_time_visit': False, 'active': True, 'created_at': '0001-01-01T00:00:00Z', 'created_by': '', 'last_updated_at': '2024-01-08T04:45:48.1107Z', 'last_updated_by': 'automationqat-superadmin', 'collaborator_type': 'Carrier', 'approved': False, 'customer_id': '', 'customer_id_permalink': '', 'customer_name': ''}"
APMT - Valencia_1,Rk1fNjE3MzQ5,multicarrieruser1@mailinator.com,multiinvite,multiinvite,['ete4rt'],"{'id': 25803, 'company_id': 'shipper-sera', 'actual_company_id': 'multiinvite', 'actual_company_name': 'multiinvite', 'fm_user_id': 'cdjtvnvn1jt93knvbaq0', 'email': 'multicarrieruser1@mailinator.com', 'name': 'multi carrier', 'roles': [{'id': '359', 'name': 'Guest'}], 'scac': ['ete4rt'], 'carrier_type': 'CPU', 'is_guest_user': True, 'is_first_time_visit': True, 'active': True, 'created_at': '2022-11-06T16:25:03.396682Z', 'created_by': 'dc-manager', 'last_updated_at': '2023-11-20T10:25:41.815535Z', 'last_updated_by': 'shippersera', 'collaborator_type': 'Carrier', 'approved': True, 'customer_id': '', 'customer_id_permalink': '', 'customer_name': ''}"
APMT - Valencia_1,Rk1fNjE3MzQ5,testingeurope@mailinator.com,testing europe,testing-europe,['TST'],"{'id': 25974, 'company_id': 'shipper-sera', 'actual_company_id': 'testing-europe', 'actual_company_name': 'testing europe', 'fm_user_id': 'c9o0ovk6nife3rlpoiag', 'email': 'testingeurope@mailinator.com', 'name': 'testing europe', 'roles': [{'id': '359', 'name': 'Guest'}], 'scac': ['TST'], 'carrier_type': 'Managed', 'is_guest_user': True, 'is_first_time_visit': False, 'active': True, 'created_at': '2022-11-16T13:06:03.191257Z', 'created_by': 'dc-manager', 'last_updated_at': '2022-11-16T13:06:28.134711Z', 'last_updated_by': 'testing-europe', 'collaborator_type': 'Carrier', 'approved': False, 'customer_id': '', 'customer_id_permalink': '', 'customer_name': ''}"
APMT - Valencia_1,Rk1fNjE3MzQ5,carriersera2@mailinator.com,Carrier sera,carrier-sera,['WPWP'],"{'id': 7733, 'company_id': 'shipper-sera', 'actual_company_id': 'carrier-sera', 'actual_company_name': 'Carrier sera', 'fm_user_id': 'c25a6jdlc538mj479cdg', 'email': 'carriersera2@mailinator.com', 'name': 'carrier sera2', 'roles': [{'id': '359', 'name': 'Guest'}], 'scac': ['WPWP'], 'carrier_type': 'Managed', 'is_guest_user': True, 'is_first_time_visit': False, 'active': True, 'created_at': '2021-11-01T09:17:15.107961Z', 'created_by': 'dc-manager', 'last_updated_at': '2022-05-16T11:17:51.971821Z', 'last_updated_by': 'carrier-sera', 'collaborator_type': 'Carrier', 'approved': False, 'customer_id': '', 'customer_id_permalink': '', 'customer_name': ''}"
APMT - Valencia_1,Rk1fNjE3MzQ5,ayman@mailinator.com,Ayman Carrier,ayman-carrier,['XXXX'],"{'id': 3997, 'company_id': 'shipper-sera', 'actual_company_id': 'ayman-carrier', 'actual_company_name': 'Ayman Carrier', 'fm_user_id': 'c4jb1og09rifb92io4lg', 'email': 'ayman@mailinator.com', 'name': 'ayman hussain', 'roles': [{'id': '359', 'name': 'Guest'}], 'scac': ['XXXX'], 'carrier_type': 'CPU', 'is_guest_user': True, 'is_first_time_visit': False, 'active': True, 'created_at': '2021-09-22T07:00:44.861423Z', 'created_by': 'dc-manager', 'last_updated_at': '2021-10-05T11:47:13.33931Z', 'last_updated_by': 'ayman-hussain-5186', 'collaborator_type': 'Carrier', 'approved': False, 'customer_id': '', 'customer_id_permalink': '', 'customer_name': ''}"
APMT - Valencia_1,Rk1fNjE3MzQ5,qatcarrieruser@mailinator.com,Dean Carrier,dean-carrier,['SCAC1'],"{'id': 964, 'company_id': 'shipper-sera', 'actual_company_id': 'dean-carrier', 'actual_company_name': 'Dean Carrier', 'fm_user_id': 'c15hqgnotjcop2ma32h0', 'email': 'qatcarrieruser@mailinator.com', 'name': 'qatcarrieruser', 'roles': [{'id': '359', 'name': 'Guest'}], 'scac': ['SCAC1'], 'carrier_type': 'Managed', 'is_guest_user': True, 'is_first_time_visit': False, 'active': True, 'created_at': '2021-06-16T11:48:40.640201Z', 'created_by': 'dc-manager', 'last_updated_at': '2021-10-13T06:13:53.360671Z', 'last_updated_by': 'qatcarrieruser', 'collaborator_type': 'Carrier', 'approved': True, 'customer_id': '', 'customer_id_permalink': '', 'customer_name': ''}"
APMT - Valencia_1,Rk1fNjE3MzQ5,carriersera@mailinator.com,Carrier sera,carrier-sera,['TESTSERA'],"{'id': 7348, 'company_id': 'shipper-sera', 'actual_company_id': 'carrier-sera', 'actual_company_name': 'Carrier sera', 'fm_user_id': 'c236qndlc538mj46dua0', 'email': 'carriersera@mailinator.com', 'name': 'carrier-sera', 'roles': [{'id': '359', 'name': 'Guest'}], 'scac': ['TESTSERA'], 'carrier_type': 'Other', 'is_guest_user': True, 'is_first_time_visit': False, 'active': True, 'created_at': '2021-10-26T08:05:54.005042Z', 'created_by': 'dc-manager', 'last_updated_at': '2023-01-16T08:45:57.525198Z', 'last_updated_by': 'vivin-venkateshwaran', 'collaborator_type': 'Carrier', 'approved': False, 'customer_id': '', 'customer_id_permalink': '', 'customer_name': ''}"
APMT - Valencia_1,Rk1fNjE3MzQ5,qatcarrieruser2@mailinator.com,XPO Logistics,xlft,['SHAC'],"{'id': 15100, 'company_id': 'shipper-sera', 'actual_company_id': 'xlft', 'actual_company_name': 'XPO Logistics', 'fm_user_id': 'c6hjps68g29dgt6np370', 'email': 'qatcarrieruser2@mailinator.com', 'name': 'qatcarrieruser2', 'roles': [{'id': '359', 'name': 'Guest'}], 'scac': ['SHAC'], 'carrier_type': 'Other', 'is_guest_user': True, 'is_first_time_visit': False, 'active': True, 'created_at': '2022-01-31T06:28:55.40814Z', 'created_by': 'dc-manager', 'last_updated_at': '2024-04-24T09:09:30.478112Z', 'last_updated_by': 'automationqat-superadmin', 'collaborator_type': 'Carrier', 'approved': True, 'customer_id': '', 'customer_id_permalink': '', 'customer_name': ''}"
Licoln facility,Rk1fNjU0ODc1,re15@dispostable.com,wsds,wsds,['223311'],"{'id': 7997, 'company_id': 'shipper-sera', 'actual_company_id': 'wsds', 'actual_company_name': 'wsds', 'fm_user_id': 'c62g6tu8g29eh5lj26gg', 'email': 're15@dispostable.com', 'name': 're re', 'roles': [{'id': '1482', 'name': 'Guest'}], 'scac': ['223311'], 'carrier_type': 'Managed', 'is_guest_user': True, 'is_first_time_visit': False, 'active': True, 'created_at': '2021-11-05T10:12:07.563511Z', 'created_by': 'dc-manager', 'last_updated_at': '2021-11-05T10:16:30.878886Z', 'last_updated_by': 're-re', 'collaborator_type': 'Carrier', 'approved': False, 'customer_id': '', 'customer_id_permalink': '', 'customer_name': ''}"
Licoln facility,Rk1fNjU0ODc1,re32@dispostable.com,shipper sera,shipper-sera-807,['D222'],"{'id': 10363, 'company_id': 'shipper-sera', 'actual_company_id': 'shipper-sera-807', 'actual_company_name': 'shipper sera', 'fm_user_id': 'c6ndtoe8g29dgt6t1eu0', 'email': 're32@dispostable.com', 'name': 'asd asd', 'roles': [{'id': '1482', 'name': 'Guest'}], 'scac': ['D222'], 'carrier_type': 'Managed', 'is_guest_user': True, 'is_first_time_visit': False, 'active': True, 'created_at': '2021-12-07T04:11:13.090136Z', 'created_by': 'dc-manager', 'last_updated_at': '2021-12-07T04:12:01.26333Z', 'last_updated_by': 'asd-asd-5328', 'collaborator_type': 'Carrier', 'approved': False, 'customer_id': '', 'customer_id_permalink': '', 'customer_name': ''}"
Licoln facility,Rk1fNjU0ODc1,all@mailinator.com,Carrier sera,carrier-sera,"['TL', 'TL1', 'scac1234', 'CAR-130360']","{'id': 25535, 'company_id': 'shipper-sera', 'actual_company_id': 'carrier-sera', 'actual_company_name': 'Carrier sera', 'fm_user_id': 'cddm3bvn1jta25t2tdg0', 'email': 'all@mailinator.com', 'name': 'all user', 'roles': [{'id': '1482', 'name': 'Guest'}], 'scac': ['TL', 'TL1', 'scac1234', 'CAR-130360'], 'carrier_type': '', 'is_guest_user': True, 'is_first_time_visit': True, 'active': True, 'created_at': '2022-10-28T05:00:03.80218Z', 'created_by': 'dc-manager', 'last_updated_at': '2024-04-24T09:09:31.914757Z', 'last_updated_by': 'automationqat-superadmin', 'collaborator_type': 'Carrier', 'approved': False, 'customer_id': '', 'customer_id_permalink': '', 'customer_name': ''}"
Licoln facility,Rk1fNjU0ODc1,qatcarrieruser@mailinator.com,Dean Carrier,dean-carrier,['SCAC1'],"{'id': 6367, 'company_id': 'shipper-sera', 'actual_company_id': 'dean-carrier', 'actual_company_name': 'Dean Carrier', 'fm_user_id': 'c15hqgnotjcop2ma32h0', 'email': 'qatcarrieruser@mailinator.com', 'name': 'qatcarrieruser', 'roles': [{'id': '1482', 'name': 'Guest'}], 'scac': ['SCAC1'], 'carrier_type': 'CPU', 'is_guest_user': True, 'is_first_time_visit': False, 'active': True, 'created_at': '2021-10-18T13:02:16.03477Z', 'created_by': 'dc-manager', 'last_updated_at': '2024-04-24T09:09:33.43917Z', 'last_updated_by': 'automationqat-superadmin', 'collaborator_type': 'Carrier', 'approved': True, 'customer_id': '', 'customer_id_permalink': '', 'customer_name': ''}"
Duplicate Carrier checking facility,Rk1fNjc5NDI5,vivinoriginalcompany1@mailinator.com,Vivin Original Company,vivin-original-company,['VOCU1'],"{'id': 25716, 'company_id': 'shipper-sera', 'actual_company_id': 'vivin-original-company', 'actual_company_name': 'Vivin Original Company', 'fm_user_id': 'cdh0o17n1jt93kntmh60', 'email': 'vivinoriginalcompany1@mailinator.com', 'name': 'VivinOriginalCompany User1', 'roles': [{'id': '5250', 'name': 'Guest'}], 'scac': ['VOCU1'], 'carrier_type': 'CPU', 'is_guest_user': True, 'is_first_time_visit': False, 'active': True, 'created_at': '2022-11-02T07:19:39.401752Z', 'created_by': 'dc-manager', 'last_updated_at': '2022-11-03T04:56:03.475239Z', 'last_updated_by': 'vivinoriginalcompany-user', 'collaborator_type': 'Carrier', 'approved': True, 'customer_id': '', 'customer_id_permalink': '', 'customer_name': ''}"
Duplicate Carrier checking facility,Rk1fNjc5NDI5,vivinduplicatecompany2@mailinator.com,Vivin Original Company,vivin-original-company,['VDCU2'],"{'id': 25715, 'company_id': 'shipper-sera', 'actual_company_id': 'vivin-original-company', 'actual_company_name': 'Vivin Original Company', 'fm_user_id': 'cdh0qr7n1jt93kntmihg', 'email': 'vivinduplicatecompany2@mailinator.com', 'name': 'VivinDuplicateCompany User2', 'roles': [{'id': '5250', 'name': 'Guest'}], 'scac': ['VDCU2'], 'carrier_type': 'Managed', 'is_guest_user': True, 'is_first_time_visit': True, 'active': True, 'created_at': '2022-11-02T07:19:38.200406Z', 'created_by': 'dc-manager', 'last_updated_at': '2022-11-02T10:48:21.059522Z', 'last_updated_by': 'vivin-venkateshwaran', 'collaborator_type': 'Carrier', 'approved': True, 'customer_id': '', 'customer_id_permalink': '', 'customer_name': ''}"
Duplicate Carrier checking facility,Rk1fNjc5NDI5,vivinduplicatecompany1@mailinator.com,Vivin Original Company,vivin-original-company,['VDCU1'],"{'id': 25714, 'company_id': 'shipper-sera', 'actual_company_id': 'vivin-original-company', 'actual_company_name': 'Vivin Original Company', 'fm_user_id': 'cdh0pmvn1jt93kntmi0g', 'email': 'vivinduplicatecompany1@mailinator.com', 'name': 'VivinDuplicateCompany User1', 'roles': [{'id': '5250', 'name': 'Guest'}], 'scac': ['VDCU1'], 'carrier_type': 'Managed', 'is_guest_user': True, 'is_first_time_visit': False, 'active': True, 'created_at': '2022-11-02T07:19:36.597024Z', 'created_by': 'dc-manager', 'last_updated_at': '2022-11-02T10:50:12.98175Z', 'last_updated_by': 'vivin-venkateshwaran', 'collaborator_type': 'Carrier', 'approved': True, 'customer_id': '', 'customer_id_permalink': '', 'customer_name': ''}"
Duplicate Carrier checking facility,Rk1fNjc5NDI5,vivinoriginalcompany2@mailinator.com,Vivin Original Company,vivin-original-company,['VOCU2'],"{'id': 25717, 'company_id': 'shipper-sera', 'actual_company_id': 'vivin-original-company', 'actual_company_name': 'Vivin Original Company', 'fm_user_id': 'cdh0oj7n1jt93kntmhg0', 'email': 'vivinoriginalcompany2@mailinator.com', 'name': 'VivinOriginalCompany User2', 'roles': [{'id': '5250', 'name': 'Guest'}], 'scac': ['VOCU2'], 'carrier_type': 'Managed', 'is_guest_user': True, 'is_first_time_visit': True, 'active': True, 'created_at': '2022-11-02T07:19:40.863361Z', 'created_by': 'dc-manager', 'last_updated_at': '2022-11-02T10:49:35.917027Z', 'last_updated_by': 'vivin-venkateshwaran', 'collaborator_type': 'Carrier', 'approved': True, 'customer_id': '', 'customer_id_permalink': '', 'customer_name': ''}"
Duplicate Carrier checking facility,Rk1fNjc5NDI5,vivinduplicatecompanynewuser2@mailinator.com,Vivin Original Company,vivin-original-company,['VDCNU2'],"{'id': 26111, 'company_id': 'shipper-sera', 'actual_company_id': 'vivin-original-company', 'actual_company_name': 'Vivin Original Company', 'fm_user_id': 'cdv247fn1jtd2sjsp72g', 'email': 'vivinduplicatecompanynewuser2@mailinator.com', 'name': 'Vivinduplicatecompany Newuser2', 'roles': [{'id': '5250', 'name': 'Guest'}], 'scac': ['VDCNU2'], 'carrier_type': 'Managed', 'is_guest_user': True, 'is_first_time_visit': False, 'active': True, 'created_at': '2022-11-23T14:57:39.394361Z', 'created_by': 'dc-manager', 'last_updated_at': '2022-11-23T20:26:05.035732Z', 'last_updated_by': 'vivinduplicatecompany-newuser-4', 'collaborator_type': 'Carrier', 'approved': True, 'customer_id': '', 'customer_id_permalink': '', 'customer_name': ''}"
Duplicate Carrier checking facility,Rk1fNjc5NDI5,vivinduplicatecompany3@mailinator.com,,vivin-original-company,['VDCU3'],"{'id': 25739, 'company_id': 'shipper-sera', 'actual_company_id': 'vivin-original-company', 'fm_user_id': 'cdh5g7nn1jt93kntpkk0', 'email': 'vivinduplicatecompany3@mailinator.com', 'name': 'VivinDuplicateCompany User3', 'roles': [{'id': '5250', 'name': 'Guest'}], 'scac': ['VDCU3'], 'carrier_type': 'Managed', 'is_guest_user': True, 'is_first_time_visit': False, 'active': True, 'created_at': '2022-11-03T05:27:01.637835Z', 'created_by': 'dc-manager', 'last_updated_at': '2022-11-29T11:34:20.900143Z', 'last_updated_by': 'vivinduplicatecompany-user-6528', 'collaborator_type': 'Carrier', 'approved': True, 'customer_id': '', 'customer_id_permalink': '', 'customer_name': ''}"
Duplicate Carrier checking facility,Rk1fNjc5NDI5,carriersera@mailinator.com,Carrier sera,carrier-sera,['CS'],"{'id': 26118, 'company_id': 'shipper-sera', 'actual_company_id': 'carrier-sera', 'actual_company_name': 'Carrier sera', 'fm_user_id': 'c236qndlc538mj46dua0', 'email': 'carriersera@mailinator.com', 'name': 'carrier-sera', 'roles': [{'id': '5250', 'name': 'Guest'}], 'scac': ['CS'], 'carrier_type': 'Managed', 'is_guest_user': True, 'is_first_time_visit': False, 'active': True, 'created_at': '2022-11-23T16:01:43.278987Z', 'created_by': 'dc-manager', 'last_updated_at': '2022-11-23T17:03:20.302401Z', 'last_updated_by': 'vivin-venkateshwaran', 'collaborator_type': 'Carrier', 'approved': True, 'customer_id': '', 'customer_id_permalink': '', 'customer_name': ''}"
Duplicate Carrier checking facility,Rk1fNjc5NDI5,vivinduplicatecompanynewuser3@mailinator.com,Vivin Original Company,vivin-original-company,['VDCNU3'],"{'id': 26114, 'company_id': 'shipper-sera', 'actual_company_id': 'vivin-original-company', 'actual_company_name': 'Vivin Original Company', 'fm_user_id': 'cdv25nfn1jtd2sjsp7o0', 'email': 'vivinduplicatecompanynewuser3@mailinator.com', 'name': 'Vivinduplicatecompany Newuser3', 'roles': [{'id': '5250', 'name': 'Guest'}], 'scac': ['VDCNU3'], 'carrier_type': 'Managed', 'is_guest_user': True, 'is_first_time_visit': False, 'active': True, 'created_at': '2022-11-23T14:57:43.321551Z', 'created_by': 'dc-manager', 'last_updated_at': '2022-11-23T16:06:06.004749Z', 'last_updated_by': 'vivinduplicatecompany-newuser-9174', 'collaborator_type': 'Carrier', 'approved': True, 'customer_id': '', 'customer_id_permalink': '', 'customer_name': ''}"
Duplicate Carrier checking facility,Rk1fNjc5NDI5,qatcarrieruser2@mailinator.com,XPO Logistics,xlft,['SHAC'],"{'id': 28620, 'company_id': 'shipper-sera', 'actual_company_id': 'xlft', 'actual_company_name': 'XPO Logistics', 'fm_user_id': 'c6hjps68g29dgt6np370', 'email': 'qatcarrieruser2@mailinator.com', 'name': 'qatcarrieruser2', 'roles': [{'id': '5250', 'name': 'Guest'}], 'scac': ['SHAC'], 'carrier_type': 'Other', 'is_guest_user': True, 'is_first_time_visit': False, 'active': True, 'created_at': '2023-02-15T12:26:31.462393Z', 'created_by': 'dc-manager', 'last_updated_at': '2024-04-24T09:09:35.997722Z', 'last_updated_by': 'automationqat-superadmin', 'collaborator_type': 'Carrier', 'approved': False, 'customer_id': '', 'customer_id_permalink': '', 'customer_name': ''}"
Duplicate Carrier checking facility,Rk1fNjc5NDI5,vivinduplicatecompanynewuser1@mailinator.com,Vivin Original Company,vivin-original-company,['VDCNU1'],"{'id': 26122, 'company_id': 'shipper-sera', 'actual_company_id': 'vivin-original-company', 'actual_company_name': 'Vivin Original Company', 'fm_user_id': 'cdv20fvn1jtd2sjsp57g', 'email': 'vivinduplicatecompanynewuser1@mailinator.com', 'name': 'Vivinduplicatecompany Newuser1', 'roles': [{'id': '5250', 'name': 'Guest'}], 'scac': ['VDCNU1'], 'carrier_type': 'Other', 'is_guest_user': True, 'is_first_time_visit': False, 'active': True, 'created_at': '2022-11-23T20:57:52.968415Z', 'created_by': 'dc-manager', 'last_updated_at': '2024-04-24T09:09:34.656244Z', 'last_updated_by': 'automationqat-superadmin', 'collaborator_type': 'Carrier', 'approved': False, 'customer_id': '', 'customer_id_permalink': '', 'customer_name': ''}"
Clemens Road,Rk1fODM2MDc4,carriersera@mailinator.com,Carrier sera,carrier-sera,['SERASCAC'],"{'id': 26568, 'company_id': 'shipper-sera', 'actual_company_id': 'carrier-sera', 'actual_company_name': 'Carrier sera', 'fm_user_id': 'c236qndlc538mj46dua0', 'email': 'carriersera@mailinator.com', 'name': 'carrier-sera', 'roles': [{'id': '5256', 'name': 'Guest'}], 'scac': ['SERASCAC'], 'carrier_type': '', 'is_guest_user': True, 'is_first_time_visit': True, 'active': True, 'created_at': '2022-12-23T06:50:12.504853Z', 'created_by': 'dc-manager', 'last_updated_at': '2024-04-24T09:09:37.33668Z', 'last_updated_by': 'automationqat-superadmin', 'collaborator_type': 'Carrier', 'approved': False, 'customer_id': '', 'customer_id_permalink': '', 'customer_name': ''}"
Clemens Road,Rk1fODM2MDc4,qatcarrieruser2@mailinator.com,XPO Logistics,xlft,['SHAC'],"{'id': 28621, 'company_id': 'shipper-sera', 'actual_company_id': 'xlft', 'actual_company_name': 'XPO Logistics', 'fm_user_id': 'c6hjps68g29dgt6np370', 'email': 'qatcarrieruser2@mailinator.com', 'name': 'qatcarrieruser2', 'roles': [{'id': '5256', 'name': 'Guest'}], 'scac': ['SHAC'], 'carrier_type': 'CPU', 'is_guest_user': True, 'is_first_time_visit': False, 'active': True, 'created_at': '2023-02-15T12:26:32.899546Z', 'created_by': 'dc-manager', 'last_updated_at': '2024-04-24T09:09:38.771259Z', 'last_updated_by': 'automationqat-superadmin', 'collaborator_type': 'Carrier', 'approved': False, 'customer_id': '', 'customer_id_permalink': '', 'customer_name': ''}"
MST -25200 Facility,Rk1fODU4NDA4,invite13@yopmail.com,selfsigntest134444,selfsigntest134444,['ABCD'],"{'id': 26510, 'company_id': 'shipper-sera', 'actual_company_id': 'selfsigntest134444', 'actual_company_name': 'selfsigntest134444', 'fm_user_id': 'cefthc7n1jtbhk7kb7s0', 'email': 'invite13@yopmail.com', 'name': 'fname lname', 'roles': [{'id': '4706', 'name': 'Guest'}], 'scac': ['ABCD'], 'carrier_type': 'CPU', 'is_guest_user': True, 'is_first_time_visit': False, 'active': True, 'created_at': '2022-12-19T03:21:21.713424Z', 'created_by': 'dc-manager', 'last_updated_at': '2022-12-19T03:25:54.89892Z', 'last_updated_by': 'fname-lname-3665', 'collaborator_type': 'Carrier', 'approved': False, 'customer_id': '', 'customer_id_permalink': '', 'customer_name': ''}"
MST -25200 Facility,Rk1fODU4NDA4,all@mailinator.com,Carrier sera,carrier-sera,"['TL', 'TL1', 'scac1234', 'CAR-130360']","{'id': 25540, 'company_id': 'shipper-sera', 'actual_company_id': 'carrier-sera', 'actual_company_name': 'Carrier sera', 'fm_user_id': 'cddm3bvn1jta25t2tdg0', 'email': 'all@mailinator.com', 'name': 'all user', 'roles': [{'id': '4706', 'name': 'Guest'}], 'scac': ['TL', 'TL1', 'scac1234', 'CAR-130360'], 'carrier_type': '', 'is_guest_user': True, 'is_first_time_visit': True, 'active': True, 'created_at': '2022-10-28T05:00:57.43689Z', 'created_by': 'dc-manager', 'last_updated_at': '2024-04-24T09:09:40.065357Z', 'last_updated_by': 'automationqat-superadmin', 'collaborator_type': 'Carrier', 'approved': False, 'customer_id': '', 'customer_id_permalink': '', 'customer_name': ''}"
MST -25200 Facility,Rk1fODU4NDA4,vaijayanthi12345@mailinator.com,vaijayanthi12345,vaijayanthi12345,['ABCD'],"{'id': 25674, 'company_id': 'shipper-sera', 'actual_company_id': 'vaijayanthi12345', 'actual_company_name': 'vaijayanthi12345', 'fm_user_id': 'cdfqukfn1jta25t40lb0', 'email': 'vaijayanthi12345@mailinator.com', 'name': 'vaijayanthi v12345', 'roles': [{'id': '4706', 'name': 'Guest'}], 'scac': ['ABCD'], 'carrier_type': 'CPU', 'is_guest_user': True, 'is_first_time_visit': False, 'active': True, 'created_at': '2022-10-31T11:19:48.340282Z', 'created_by': 'dc-manager', 'last_updated_at': '2022-10-31T11:28:41.110209Z', 'last_updated_by': 'vaijayanthi-v-8923', 'collaborator_type': 'Carrier', 'approved': False, 'customer_id': '', 'customer_id_permalink': '', 'customer_name': ''}"
MST -25200 Facility,Rk1fODU4NDA4,invite00123@mailinator.com,test568790,test568790,['iuujnijin'],"{'id': 26316, 'company_id': 'shipper-sera', 'actual_company_id': 'test568790', 'actual_company_name': 'test568790', 'fm_user_id': 'ce7kj8vn1jtfvatsp310', 'email': 'invite00123@mailinator.com', 'name': 'test t5678', 'roles': [{'id': '4706', 'name': 'Guest'}], 'scac': ['iuujnijin'], 'carrier_type': '', 'is_guest_user': True, 'is_first_time_visit': True, 'active': True, 'created_at': '2022-12-06T13:54:45.703003Z', 'created_by': 'dc-manager', 'last_updated_at': '2024-04-24T09:09:41.333629Z', 'last_updated_by': 'automationqat-superadmin', 'collaborator_type': 'Carrier', 'approved': False, 'customer_id': '', 'customer_id_permalink': '', 'customer_name': ''}"
MST -25200 Facility,Rk1fODU4NDA4,vivindup12@mailinator.com,,vivin-original-company,['ABCD'],"{'id': 26202, 'company_id': 'shipper-sera', 'actual_company_id': 'vivin-original-company', 'fm_user_id': 'ce30s0fn1jt9bk6apiv0', 'email': 'vivindup12@mailinator.com', 'name': 'vivin dup test new', 'roles': [{'id': '4706', 'name': 'Guest'}], 'scac': ['ABCD'], 'carrier_type': 'Managed', 'is_guest_user': True, 'is_first_time_visit': False, 'active': True, 'created_at': '2022-11-29T13:50:50.337358Z', 'created_by': 'dc-manager', 'last_updated_at': '2022-11-29T13:53:01.018219Z', 'last_updated_by': 'vivinduptestnew', 'collaborator_type': 'Carrier', 'approved': False, 'customer_id': '', 'customer_id_permalink': '', 'customer_name': ''}"
MST -25200 Facility,Rk1fODU4NDA4,vivinselfsignuptest@mailinator.com,Test no carrier users 1,test-no-carrier-users-1,['ABCD'],"{'id': 26151, 'company_id': 'shipper-sera', 'actual_company_id': 'test-no-carrier-users-1', 'actual_company_name': 'Test no carrier users 1', 'fm_user_id': 'ce05fv7n1jt9bk69acf0', 'email': 'vivinselfsignuptest@mailinator.com', 'name': 'VivinSelfsignup Test', 'roles': [{'id': '4706', 'name': 'Guest'}], 'scac': ['ABCD'], 'carrier_type': 'Managed', 'is_guest_user': True, 'is_first_time_visit': False, 'active': True, 'created_at': '2022-11-25T05:51:56.934882Z', 'created_by': 'dc-manager', 'last_updated_at': '2022-11-25T05:54:24.353415Z', 'last_updated_by': 'vivinselfsignup-test', 'collaborator_type': 'Carrier', 'approved': False, 'customer_id': '', 'customer_id_permalink': '', 'customer_name': ''}"
MDT -21600 Facility,Rk1fODY3ODY0,qatcarrieruser2@mailinator.com,XPO Logistics,xlft,['SHAC'],"{'id': 28622, 'company_id': 'shipper-sera', 'actual_company_id': 'xlft', 'actual_company_name': 'XPO Logistics', 'fm_user_id': 'c6hjps68g29dgt6np370', 'email': 'qatcarrieruser2@mailinator.com', 'name': 'qatcarrieruser2', 'roles': [{'id': '5257', 'name': 'Guest'}], 'scac': ['SHAC'], 'carrier_type': 'Other', 'is_guest_user': True, 'is_first_time_visit': False, 'active': True, 'created_at': '2023-02-15T12:26:34.27021Z', 'created_by': 'dc-manager', 'last_updated_at': '2024-04-24T09:09:43.886892Z', 'last_updated_by': 'automationqat-superadmin', 'collaborator_type': 'Carrier', 'approved': False, 'customer_id': '', 'customer_id_permalink': '', 'customer_name': ''}"
"Volvo, Gent1",Rk1fODYxNDU1,multicarrieruser1@mailinator.com,multiinvite,multiinvite,['ete4rt'],"{'id': 25804, 'company_id': 'shipper-sera', 'actual_company_id': 'multiinvite', 'actual_company_name': 'multiinvite', 'fm_user_id': 'cdjtvnvn1jt93knvbaq0', 'email': 'multicarrieruser1@mailinator.com', 'name': 'multi carrier', 'roles': [{'id': '4950', 'name': 'Guest'}], 'scac': ['ete4rt'], 'carrier_type': '', 'is_guest_user': True, 'is_first_time_visit': True, 'active': True, 'created_at': '2022-11-06T16:25:05.049443Z', 'created_by': 'dc-manager', 'last_updated_at': '2024-04-24T09:09:45.221763Z', 'last_updated_by': 'automationqat-superadmin', 'collaborator_type': 'Carrier', 'approved': False, 'customer_id': '', 'customer_id_permalink': '', 'customer_name': ''}"
"Volvo, Gent1",Rk1fODYxNDU1,all@mailinator.com,Carrier sera,carrier-sera,"['TL', 'TL1', 'scac1234', 'CAR-130360']","{'id': 25537, 'company_id': 'shipper-sera', 'actual_company_id': 'carrier-sera', 'actual_company_name': 'Carrier sera', 'fm_user_id': 'cddm3bvn1jta25t2tdg0', 'email': 'all@mailinator.com', 'name': 'all user', 'roles': [{'id': '4950', 'name': 'Guest'}], 'scac': ['TL', 'TL1', 'scac1234', 'CAR-130360'], 'carrier_type': '', 'is_guest_user': True, 'is_first_time_visit': True, 'active': True, 'created_at': '2022-10-28T05:00:28.207439Z', 'created_by': 'dc-manager', 'last_updated_at': '2024-04-24T09:09:46.935494Z', 'last_updated_by': 'automationqat-superadmin', 'collaborator_type': 'Carrier', 'approved': False, 'customer_id': '', 'customer_id_permalink': '', 'customer_name': ''}"
"Volvo, Gent1",Rk1fODYxNDU1,vaijayanthi12345@mailinator.com,vaijayanthi12345,vaijayanthi12345,['ABCD'],"{'id': 25675, 'company_id': 'shipper-sera', 'actual_company_id': 'vaijayanthi12345', 'actual_company_name': 'vaijayanthi12345', 'fm_user_id': 'cdfqukfn1jta25t40lb0', 'email': 'vaijayanthi12345@mailinator.com', 'name': 'vaijayanthi v12345', 'roles': [{'id': '4950', 'name': 'Guest'}], 'scac': ['ABCD'], 'carrier_type': '', 'is_guest_user': True, 'is_first_time_visit': True, 'active': True, 'created_at': '2022-10-31T11:31:52.351494Z', 'created_by': 'dc-manager', 'last_updated_at': '2024-04-24T09:09:48.296977Z', 'last_updated_by': 'automationqat-superadmin', 'collaborator_type': 'Carrier', 'approved': False, 'customer_id': '', 'customer_id_permalink': '', 'customer_name': ''}"
"Volvo, Gent1",Rk1fODYxNDU1,carriersera@mailinator.com,Carrier sera,carrier-sera,['TL'],"{'id': 24276, 'company_id': 'shipper-sera', 'actual_company_id': 'carrier-sera', 'actual_company_name': 'Carrier sera', 'fm_user_id': 'c236qndlc538mj46dua0', 'email': 'carriersera@mailinator.com', 'name': 'carrier-sera', 'roles': [{'id': '4950', 'name': 'Guest'}], 'scac': ['TL'], 'carrier_type': 'Other', 'is_guest_user': True, 'is_first_time_visit': False, 'active': True, 'created_at': '2022-08-26T06:51:14.103524Z', 'created_by': 'dc-manager', 'last_updated_at': '2023-10-10T07:32:58.571233Z', 'last_updated_by': 'carriersera', 'collaborator_type': 'Carrier', 'approved': True, 'customer_id': '', 'customer_id_permalink': '', 'customer_name': ''}"
"Volvo, Gent1",Rk1fODYxNDU1,rakshanafk@gmail.com,Carrier sera,carrier-sera,"['TL', 'TL1', 'scac1234', 'CAR-130360']","{'id': 34955, 'company_id': 'shipper-sera', 'actual_company_id': 'carrier-sera', 'actual_company_name': 'Carrier sera', 'fm_user_id': 'c6f1n8u8g29dgt6lu9gg', 'email': 'rakshanafk@gmail.com', 'name': 'rakshana fk', 'roles': [{'id': '4950', 'name': 'Guest'}], 'scac': ['TL', 'TL1', 'scac1234', 'CAR-130360'], 'carrier_type': '', 'is_guest_user': True, 'is_first_time_visit': False, 'active': True, 'created_at': '0001-01-01T00:00:00Z', 'created_by': '', 'last_updated_at': '2023-12-20T07:34:01.80957Z', 'last_updated_by': 'rakshana', 'collaborator_type': 'Carrier', 'approved': False, 'customer_id': '', 'customer_id_permalink': '', 'customer_name': ''}"
"Volvo, Gent1",Rk1fODYxNDU1,emailtest@mailinator.com,Carrier sera,carrier-sera-2247,['TL'],"{'id': 35329, 'company_id': 'shipper-sera', 'actual_company_id': 'carrier-sera-2247', 'actual_company_name': 'Carrier sera', 'fm_user_id': 'ck5tpck2c0moaohu8lq0', 'email': 'emailtest@mailinator.com', 'name': 'EmailTest', 'roles': [{'id': '4950', 'name': 'Guest'}], 'scac': ['TL'], 'carrier_type': 'Managed', 'is_guest_user': True, 'is_first_time_visit': False, 'active': True, 'created_at': '2023-09-21T09:26:31.012988Z', 'created_by': 'dc-manager', 'last_updated_at': '2023-09-21T10:33:08.341274Z', 'last_updated_by': 'emailtest', 'collaborator_type': 'Carrier', 'approved': False, 'customer_id': '', 'customer_id_permalink': '', 'customer_name': ''}"
"Volvo, Gent1",Rk1fODYxNDU1,aprilregcarrier@mailinator.com,April reg carrier,april-reg-carrier,"['APRILTL', 'APRILAM', 'EUR']","{'id': 25220, 'company_id': 'shipper-sera', 'actual_company_id': 'april-reg-carrier', 'actual_company_name': 'April reg carrier', 'fm_user_id': 'c9lu12k6nifbthmk3ln0', 'email': 'aprilregcarrier@mailinator.com', 'name': 'April RegC', 'roles': [{'id': '4950', 'name': 'Guest'}], 'scac': ['APRILTL', 'APRILAM', 'EUR'], 'carrier_type': '', 'is_guest_user': True, 'is_first_time_visit': True, 'active': True, 'created_at': '2022-10-14T07:27:25.032144Z', 'created_by': 'dc-manager', 'last_updated_at': '2024-04-24T09:09:49.722369Z', 'last_updated_by': 'automationqat-superadmin', 'collaborator_type': 'Carrier', 'approved': False, 'customer_id': '', 'customer_id_permalink': '', 'customer_name': ''}"
"Volvo, Gent1",Rk1fODYxNDU1,qatcarrieruser@mailinator.com,Dean Carrier,dean-carrier,['SCAC1'],"{'id': 28577, 'company_id': 'shipper-sera', 'actual_company_id': 'dean-carrier', 'actual_company_name': 'Dean Carrier', 'fm_user_id': 'c15hqgnotjcop2ma32h0', 'email': 'qatcarrieruser@mailinator.com', 'name': 'qatcarrieruser', 'roles': [{'id': '4950', 'name': 'Guest'}], 'scac': ['SCAC1'], 'carrier_type': 'Managed', 'is_guest_user': True, 'is_first_time_visit': False, 'active': True, 'created_at': '2023-02-14T10:40:08.054696Z', 'created_by': 'dc-manager', 'last_updated_at': '2024-04-24T09:09:51.050464Z', 'last_updated_by': 'automationqat-superadmin', 'collaborator_type': 'Carrier', 'approved': False, 'customer_id': '', 'customer_id_permalink': '', 'customer_name': ''}"
"Volvo, Gent1",Rk1fODYxNDU1,testingeurope@mailinator.com,testing europe,testing-europe,['TST'],"{'id': 29038, 'company_id': 'shipper-sera', 'actual_company_id': 'testing-europe', 'actual_company_name': 'testing europe', 'fm_user_id': 'c9o0ovk6nife3rlpoiag', 'email': 'testingeurope@mailinator.com', 'name': 'testing europe', 'roles': [{'id': '4950', 'name': 'Guest'}], 'scac': ['TST'], 'carrier_type': 'Other', 'is_guest_user': True, 'is_first_time_visit': False, 'active': True, 'created_at': '2023-02-27T05:15:50.063389Z', 'created_by': 'dc-manager', 'last_updated_at': '2024-04-24T09:09:52.384461Z', 'last_updated_by': 'automationqat-superadmin', 'collaborator_type': 'Carrier', 'approved': False, 'customer_id': '', 'customer_id_permalink': '', 'customer_name': ''}"
Activate facility for,Rk1fODg1Mjcy,carriersera@mailinator.com,Carrier sera,carrier-sera,"['TL', 'TL1', 'scac1234', 'CAR-130360']","{'id': 35130, 'company_id': 'shipper-sera', 'actual_company_id': 'carrier-sera', 'actual_company_name': 'Carrier sera', 'fm_user_id': 'c236qndlc538mj46dua0', 'email': 'carriersera@mailinator.com', 'name': 'carrier-sera', 'roles': [{'id': '5622', 'name': 'Guest'}], 'scac': ['TL', 'TL1', 'scac1234', 'CAR-130360'], 'carrier_type': '', 'is_guest_user': True, 'is_first_time_visit': False, 'active': True, 'created_at': '0001-01-01T00:00:00Z', 'created_by': '', 'last_updated_at': '2023-09-15T13:34:13.824853Z', 'last_updated_by': 'dc-manager', 'collaborator_type': 'Carrier', 'approved': False, 'customer_id': '', 'customer_id_permalink': '', 'customer_name': ''}"
CST -21600 Facility,Rk1fOTAzMTQy,carriersera@mailinator.com,Carrier sera,carrier-sera,['asdasd'],"{'id': 28926, 'company_id': 'shipper-sera', 'actual_company_id': 'carrier-sera', 'actual_company_name': 'Carrier sera', 'fm_user_id': 'c236qndlc538mj46dua0', 'email': 'carriersera@mailinator.com', 'name': 'carrier-sera', 'roles': [{'id': '5863', 'name': 'Guest'}], 'scac': ['asdasd'], 'carrier_type': 'Other', 'is_guest_user': True, 'is_first_time_visit': False, 'active': True, 'created_at': '2023-02-24T09:10:31.800065Z', 'created_by': 'dc-manager', 'last_updated_at': '2024-04-24T07:11:31.394635Z', 'last_updated_by': 'automationqat-superadmin', 'collaborator_type': 'Carrier', 'approved': False, 'customer_id': '', 'customer_id_permalink': '', 'customer_name': ''}"
CST -21600 Facility,Rk1fOTAzMTQy,qatcarrieruser2@mailinator.com,XPO Logistics,xlft,['SHAC'],"{'id': 28617, 'company_id': 'shipper-sera', 'actual_company_id': 'xlft', 'actual_company_name': 'XPO Logistics', 'fm_user_id': 'c6hjps68g29dgt6np370', 'email': 'qatcarrieruser2@mailinator.com', 'name': 'qatcarrieruser2', 'roles': [{'id': '5863', 'name': 'Guest'}], 'scac': ['SHAC'], 'carrier_type': 'Other', 'is_guest_user': True, 'is_first_time_visit': False, 'active': True, 'created_at': '2023-02-15T12:26:26.993787Z', 'created_by': 'dc-manager', 'last_updated_at': '2024-04-24T09:01:03.274783Z', 'last_updated_by': 'automationqat-superadmin', 'collaborator_type': 'Carrier', 'approved': False, 'customer_id': '', 'customer_id_permalink': '', 'customer_name': ''}"
CDT -18000 Facility,Rk1fOTM5MDA4,carriersera@mailinator.com,Carrier sera,carrier-sera,"['TL', 'TL1', 'scac1234', 'CAR-130360']","{'id': 37262, 'company_id': 'shipper-sera', 'actual_company_id': 'carrier-sera', 'actual_company_name': 'Carrier sera', 'fm_user_id': 'c236qndlc538mj46dua0', 'email': 'carriersera@mailinator.com', 'name': 'carrier-sera', 'roles': [{'id': '9239', 'name': 'Guest'}], 'scac': ['TL', 'TL1', 'scac1234', 'CAR-130360'], 'carrier_type': '', 'is_guest_user': True, 'is_first_time_visit': False, 'active': True, 'created_at': '0001-01-01T00:00:00Z', 'created_by': '', 'last_updated_at': '2023-11-07T09:53:15.729775Z', 'last_updated_by': 'vaijayanthi-a', 'collaborator_type': 'Carrier', 'approved': True, 'customer_id': '', 'customer_id_permalink': '', 'customer_name': ''}"
